经度,120.3731,
纬度,36.0724,
开始时间,2022年01月15日 00时,
结束时间,2022年03月01日 23时,
时区,GMT+08:00,
数据源,欧洲中期天气中心,
,,
日期,时间,气温℃
2022-01-15,00:00:00,2.6351867675781477
2022-01-15,01:00:00,2.5086303710937727
2022-01-15,02:00:00,2.3127380371093977
2022-01-15,03:00:00,2.0624328613281477
2022-01-15,04:00:00,2.0563293457031477
2022-01-15,05:00:00,1.9697509765625227
2022-01-15,06:00:00,1.9164672851562727
2022-01-15,07:00:00,1.9397827148437727
2022-01-15,08:00:00,2.1184936523437727
2022-01-15,09:00:00,3.2478576660156477
2022-01-15,10:00:00,3.5591979980468977
2022-01-15,11:00:00,3.9904418945312727
2022-01-15,12:00:00,4.939447021484398
2022-01-15,13:00:00,5.503289794921898
2022-01-15,14:00:00,6.007226562500023
2022-01-15,15:00:00,5.961145019531273
2022-01-15,16:00:00,5.806878662109398
2022-01-15,17:00:00,4.654168701171898
2022-01-15,18:00:00,3.5436645507812727
2022-01-15,19:00:00,2.5219665527343977
2022-01-15,20:00:00,1.9225708007812727
2022-01-15,21:00:00,1.4264465332031477
2022-01-15,22:00:00,1.2571655273437727
2022-01-15,23:00:00,1.0135437011718977
2022-01-16,00:00:00,0.49462280273439774
2022-01-16,01:00:00,0.27596435546877274
2022-01-16,02:00:00,0.10170898437502274
2022-01-16,03:00:00,-0.35892333984372726
2022-01-16,04:00:00,-0.5315307617187273
2022-01-16,05:00:00,-0.7701782226562273
2022-01-16,06:00:00,-0.9166625976562273
2022-01-16,07:00:00,-0.7146667480468523
2022-01-16,08:00:00,-0.5276245117187273
2022-01-16,09:00:00,0.6184020996093977
2022-01-16,10:00:00,0.7737670898437727
2022-01-16,11:00:00,0.9597106933593977
2022-01-16,12:00:00,1.4724975585937727
2022-01-16,13:00:00,1.7222229003906477
2022-01-16,14:00:00,1.9458862304687727
2022-01-16,15:00:00,1.7921691894531477
2022-01-16,16:00:00,1.5457397460937727
2022-01-16,17:00:00,1.0340515136718977
2022-01-16,18:00:00,1.2000061035156477
2022-01-16,19:00:00,1.3109985351562727
2022-01-16,20:00:00,1.4752746582031477
2022-01-16,21:00:00,1.3798156738281477
2022-01-16,22:00:00,1.4269958496093977
2022-01-16,23:00:00,1.5668579101562727
2022-01-17,00:00:00,1.6445556640625227
2022-01-17,01:00:00,1.8237854003906477
2022-01-17,02:00:00,1.9353576660156477
2022-01-17,03:00:00,2.0829711914062727
2022-01-17,04:00:00,2.3021789550781477
2022-01-17,05:00:00,2.2988525390625227
2022-01-17,06:00:00,2.1606689453125227
2022-01-17,07:00:00,1.7477661132812727
2022-01-17,08:00:00,1.3293090820312727
2022-01-17,09:00:00,2.3687988281250227
2022-01-17,10:00:00,2.7056518554687727
2022-01-17,11:00:00,3.1946044921875227
2022-01-17,12:00:00,3.9615722656250227
2022-01-17,13:00:00,4.216302490234398
2022-01-17,14:00:00,4.234063720703148
2022-01-17,15:00:00,3.5753112792968977
2022-01-17,16:00:00,3.0896850585937727
2022-01-17,17:00:00,1.8138061523437727
2022-01-17,18:00:00,1.2271972656250227
2022-01-17,19:00:00,0.6722351074218977
2022-01-17,20:00:00,0.30205688476564774
2022-01-17,21:00:00,-0.20020141601560226
2022-01-17,22:00:00,0.25264892578127274
2022-01-17,23:00:00,0.48296508789064774
2022-01-18,00:00:00,0.5051818847656477
2022-01-18,01:00:00,0.6644531250000227
2022-01-18,02:00:00,0.8031860351562727
2022-01-18,03:00:00,0.8165222167968977
2022-01-18,04:00:00,0.9263854980468977
2022-01-18,05:00:00,1.3459716796875227
2022-01-18,06:00:00,1.2105346679687727
2022-01-18,07:00:00,2.0341430664062727
2022-01-18,08:00:00,2.5880065917968977
2022-01-18,09:00:00,4.424981689453148
2022-01-18,10:00:00,4.703576660156273
2022-01-18,11:00:00,4.818994140625023
2022-01-18,12:00:00,5.270745849609398
2022-01-18,13:00:00,5.329034423828148
2022-01-18,14:00:00,5.088739013671898
2022-01-18,15:00:00,4.695245361328148
2022-01-18,16:00:00,4.678033447265648
2022-01-18,17:00:00,4.101434326171898
2022-01-18,18:00:00,3.9504638671875227
2022-01-18,19:00:00,4.128076171875023
2022-01-18,20:00:00,4.408319091796898
2022-01-18,21:00:00,4.662500000000023
2022-01-18,22:00:00,4.666955566406273
2022-01-18,23:00:00,4.842858886718773
2022-01-19,00:00:00,4.922235107421898
2022-01-19,01:00:00,4.999383544921898
2022-01-19,02:00:00,4.743524169921898
2022-01-19,03:00:00,4.469384765625023
2022-01-19,04:00:00,4.383905029296898
2022-01-19,05:00:00,2.8238769531250227
2022-01-19,06:00:00,2.3737731933593977
2022-01-19,07:00:00,2.1506896972656477
2022-01-19,08:00:00,2.2189270019531477
2022-01-19,09:00:00,2.6240783691406477
2022-01-19,10:00:00,2.6368347167968977
2022-01-19,11:00:00,2.8682495117187727
2022-01-19,12:00:00,2.9309631347656477
2022-01-19,13:00:00,2.9409729003906477
2022-01-19,14:00:00,2.7672668457031477
2022-01-19,15:00:00,1.9203735351562727
2022-01-19,16:00:00,1.0956665039062727
2022-01-19,17:00:00,-0.6525024414062273
2022-01-19,18:00:00,-1.5859741210937273
2022-01-19,19:00:00,-2.2358459472656023
2022-01-19,20:00:00,-2.6792968749999773
2022-01-19,21:00:00,-3.1382507324218523
2022-01-19,22:00:00,-3.3002990722656023
2022-01-19,23:00:00,-3.3685668945312273
2022-01-20,00:00:00,-3.6427368164062273
2022-01-20,01:00:00,-3.6799072265624773
2022-01-20,02:00:00,-3.7398437499999773
2022-01-20,03:00:00,-3.9046691894531023
2022-01-20,04:00:00,-3.8946899414062273
2022-01-20,05:00:00,-3.8519348144531023
2022-01-20,06:00:00,-3.7526000976562273
2022-01-20,07:00:00,-3.6149658203124773
2022-01-20,08:00:00,-3.3846496582031023
2022-01-20,09:00:00,-2.3540710449218523
2022-01-20,10:00:00,-2.0171874999999773
2022-01-20,11:00:00,-1.7430480957031023
2022-01-20,12:00:00,-0.9882568359374773
2022-01-20,13:00:00,-0.5897888183593523
2022-01-20,14:00:00,-0.16412963867185226
2022-01-20,15:00:00,-0.025946044921852263
2022-01-20,16:00:00,0.12944946289064774
2022-01-20,17:00:00,0.11779174804689774
2022-01-20,18:00:00,-0.26181640624997726
2022-01-20,19:00:00,-0.47324218749997726
2022-01-20,20:00:00,-0.42719116210935226
2022-01-20,21:00:00,-0.7735046386718523
2022-01-20,22:00:00,-0.9405273437499773
2022-01-20,23:00:00,-1.1131347656249773
2022-01-21,00:00:00,-1.3573364257812273
2022-01-21,01:00:00,-1.4683288574218523
2022-01-21,02:00:00,-1.5071777343749773
2022-01-21,03:00:00,-1.6536926269531023
2022-01-21,04:00:00,-1.7602294921874773
2022-01-21,05:00:00,-1.0615295410156023
2022-01-21,06:00:00,-1.0254577636718523
2022-01-21,07:00:00,-0.9499877929687273
2022-01-21,08:00:00,-0.6264099121093523
2022-01-21,09:00:00,0.6788879394531477
2022-01-21,10:00:00,0.9813476562500227
2022-01-21,11:00:00,1.1273132324218977
2022-01-21,12:00:00,1.6334472656250227
2022-01-21,13:00:00,1.7416625976562727
2022-01-21,14:00:00,1.8487792968750227
2022-01-21,15:00:00,1.6434265136718977
2022-01-21,16:00:00,1.6001525878906477
2022-01-21,17:00:00,1.5451904296875227
2022-01-21,18:00:00,1.7083679199218977
2022-01-21,19:00:00,1.8154846191406477
2022-01-21,20:00:00,2.0080505371093977
2022-01-21,21:00:00,1.9930664062500227
2022-01-21,22:00:00,2.2810913085937727
2022-01-21,23:00:00,2.5757995605468977
2022-01-22,00:00:00,2.3821044921875227
2022-01-22,01:00:00,2.4242797851562727
2022-01-22,02:00:00,2.5891052246093977
2022-01-22,03:00:00,2.4270568847656477
2022-01-22,04:00:00,2.4298339843750227
2022-01-22,05:00:00,2.9631591796875227
2022-01-22,06:00:00,3.1124511718750227
2022-01-22,07:00:00,3.3838439941406477
2022-01-22,08:00:00,3.5741821289062727
2022-01-22,09:00:00,4.413323974609398
2022-01-22,10:00:00,4.451623535156273
2022-01-22,11:00:00,4.388330078125023
2022-01-22,12:00:00,4.401666259765648
2022-01-22,13:00:00,4.177453613281273
2022-01-22,14:00:00,3.9571166992187727
2022-01-22,15:00:00,3.5686584472656477
2022-01-22,16:00:00,3.4221435546875227
2022-01-22,17:00:00,3.3927246093750227
2022-01-22,18:00:00,3.3605285644531477
2022-01-22,19:00:00,3.2722717285156477
2022-01-22,20:00:00,3.0963684082031477
2022-01-22,21:00:00,2.8527160644531477
2022-01-22,22:00:00,2.6490417480468977
2022-01-22,23:00:00,2.4670043945312727
2022-01-23,00:00:00,2.2250610351562727
2022-01-23,01:00:00,2.0402465820312727
2022-01-23,02:00:00,1.7805114746093977
2022-01-23,03:00:00,1.6312194824218977
2022-01-23,04:00:00,1.5707336425781477
2022-01-23,05:00:00,1.5796142578125227
2022-01-23,06:00:00,1.6339965820312727
2022-01-23,07:00:00,1.7061401367187727
2022-01-23,08:00:00,1.7477661132812727
2022-01-23,09:00:00,1.8232360839843977
2022-01-23,10:00:00,1.8748413085937727
2022-01-23,11:00:00,2.0047241210937727
2022-01-23,12:00:00,2.5674682617187727
2022-01-23,13:00:00,3.1640563964843977
2022-01-23,14:00:00,3.5625244140625227
2022-01-23,15:00:00,3.3089233398437727
2022-01-23,16:00:00,2.8777099609375227
2022-01-23,17:00:00,1.4269958496093977
2022-01-23,18:00:00,0.45690307617189774
2022-01-23,19:00:00,-0.22406616210935226
2022-01-23,20:00:00,-0.6569580078124773
2022-01-23,21:00:00,-0.8561767578124773
2022-01-23,22:00:00,-0.8916992187499773
2022-01-23,23:00:00,-0.8916992187499773
2022-01-24,00:00:00,-1.1380981445312273
2022-01-24,01:00:00,-1.2235778808593523
2022-01-24,02:00:00,-1.2430175781249773
2022-01-24,03:00:00,-1.2857421874999773
2022-01-24,04:00:00,-1.2457641601562273
2022-01-24,05:00:00,-0.9549621582031023
2022-01-24,06:00:00,-0.8145507812499773
2022-01-24,07:00:00,-0.7357543945312273
2022-01-24,08:00:00,-0.40164794921872726
2022-01-24,09:00:00,0.5689941406250227
2022-01-24,10:00:00,1.0984436035156477
2022-01-24,11:00:00,1.6661926269531477
2022-01-24,12:00:00,2.4914489746093977
2022-01-24,13:00:00,3.0153442382812727
2022-01-24,14:00:00,3.4243408203125227
2022-01-24,15:00:00,3.3544250488281477
2022-01-24,16:00:00,3.0658203125000227
2022-01-24,17:00:00,2.0075012207031477
2022-01-24,18:00:00,1.2627197265625227
2022-01-24,19:00:00,0.7121826171875227
2022-01-24,20:00:00,0.35534057617189774
2022-01-24,21:00:00,-0.10309448242185226
2022-01-24,22:00:00,-0.24902954101560226
2022-01-24,23:00:00,-0.44937744140622726
2022-01-25,00:00:00,-0.7329772949218523
2022-01-25,01:00:00,-0.7240966796874773
2022-01-25,02:00:00,-0.7207702636718523
2022-01-25,03:00:00,-0.6236633300781023
2022-01-25,04:00:00,-0.48047485351560226
2022-01-25,05:00:00,-0.6625122070312273
2022-01-25,06:00:00,-0.5925659179687273
2022-01-25,07:00:00,-0.5287536621093523
2022-01-25,08:00:00,-0.16080322265622726
2022-01-25,09:00:00,0.7665649414062727
2022-01-25,10:00:00,1.3953491210937727
2022-01-25,11:00:00,2.0707641601562727
2022-01-25,12:00:00,3.1196533203125227
2022-01-25,13:00:00,3.8444763183593977
2022-01-25,14:00:00,4.462701416015648
2022-01-25,15:00:00,4.742974853515648
2022-01-25,16:00:00,4.595910644531273
2022-01-25,17:00:00,3.6446777343750227
2022-01-25,18:00:00,3.5020385742187727
2022-01-25,19:00:00,3.0519653320312727
2022-01-25,20:00:00,2.3615661621093977
2022-01-25,21:00:00,1.4674926757812727
2022-01-25,22:00:00,1.1850219726562727
2022-01-25,23:00:00,0.9946533203125227
2022-01-26,00:00:00,0.6344848632812727
2022-01-26,01:00:00,0.5351501464843977
2022-01-26,02:00:00,0.37310180664064774
2022-01-26,03:00:00,0.14830932617189774
2022-01-26,04:00:00,0.027886962890647737
2022-01-26,05:00:00,-0.5226501464843523
2022-01-26,06:00:00,-0.5437377929687273
2022-01-26,07:00:00,-0.5037597656249773
2022-01-26,08:00:00,-0.27899780273435226
2022-01-26,09:00:00,1.2998901367187727
2022-01-26,10:00:00,1.9125915527343977
2022-01-26,11:00:00,2.5552612304687727
2022-01-26,12:00:00,3.4232421875000227
2022-01-26,13:00:00,4.007623291015648
2022-01-26,14:00:00,4.413873291015648
2022-01-26,15:00:00,4.317315673828148
2022-01-26,16:00:00,3.9943176269531477
2022-01-26,17:00:00,3.8028503417968977
2022-01-26,18:00:00,3.5070434570312727
2022-01-26,19:00:00,2.9936767578125227
2022-01-26,20:00:00,2.5269409179687727
2022-01-26,21:00:00,1.8726440429687727
2022-01-26,22:00:00,1.4946838378906477
2022-01-26,23:00:00,0.9996582031250227
2022-01-27,00:00:00,0.5623413085937727
2022-01-27,01:00:00,0.32146606445314774
2022-01-27,02:00:00,0.08782348632814774
2022-01-27,03:00:00,-0.17078247070310226
2022-01-27,04:00:00,-0.41275634765622726
2022-01-27,05:00:00,-0.5958923339843523
2022-01-27,06:00:00,-0.5942443847656023
2022-01-27,07:00:00,-0.5015624999999773
2022-01-27,08:00:00,-0.19077148437497726
2022-01-27,09:00:00,0.6933227539062727
2022-01-27,10:00:00,0.9863525390625227
2022-01-27,11:00:00,1.3726135253906477
2022-01-27,12:00:00,2.0885253906250227
2022-01-27,13:00:00,2.6834655761718977
2022-01-27,14:00:00,3.1990295410156477
2022-01-27,15:00:00,3.2478576660156477
2022-01-27,16:00:00,3.1429687500000227
2022-01-27,17:00:00,2.5197387695312727
2022-01-27,18:00:00,1.8249145507812727
2022-01-27,19:00:00,1.0273986816406477
2022-01-27,20:00:00,0.46633300781252274
2022-01-27,21:00:00,-0.03314819335935226
2022-01-27,22:00:00,-0.35004272460935226
2022-01-27,23:00:00,-0.5237487792968523
2022-01-28,00:00:00,-0.8345397949218523
2022-01-28,01:00:00,-0.9494079589843523
2022-01-28,02:00:00,-1.0332092285156023
2022-01-28,03:00:00,-1.4533447265624773
2022-01-28,04:00:00,-1.5005249023437273
2022-01-28,05:00:00,-1.6858886718749773
2022-01-28,06:00:00,-1.6536926269531023
2022-01-28,07:00:00,-1.6042846679687273
2022-01-28,08:00:00,-1.3501037597656023
2022-01-28,09:00:00,-0.06867065429685226
2022-01-28,10:00:00,0.29482421875002274
2022-01-28,11:00:00,0.6394897460937727
2022-01-28,12:00:00,1.2255187988281477
2022-01-28,13:00:00,1.8171325683593977
2022-01-28,14:00:00,2.3304992675781477
2022-01-28,15:00:00,2.4808898925781477
2022-01-28,16:00:00,2.5280700683593977
2022-01-28,17:00:00,2.1573425292968977
2022-01-28,18:00:00,1.7017150878906477
2022-01-28,19:00:00,1.1805664062500227
2022-01-28,20:00:00,0.8242736816406477
2022-01-28,21:00:00,0.30483398437502274
2022-01-28,22:00:00,0.0034729003906477374
2022-01-28,23:00:00,-0.25180664062497726
2022-01-29,00:00:00,-0.5221008300781023
2022-01-29,01:00:00,-0.5331787109374773
2022-01-29,02:00:00,-0.7196716308593523
2022-01-29,03:00:00,-1.1841796874999773
2022-01-29,04:00:00,-1.3312438964843523
2022-01-29,05:00:00,-1.6819824218749773
2022-01-29,06:00:00,-1.8262695312499773
2022-01-29,07:00:00,-1.6997436523437273
2022-01-29,08:00:00,-1.4461120605468523
2022-01-29,09:00:00,0.05343017578127274
2022-01-29,10:00:00,0.43801269531252274
2022-01-29,11:00:00,0.8542419433593977
2022-01-29,12:00:00,1.6184631347656477
2022-01-29,13:00:00,2.1268249511718977
2022-01-29,14:00:00,2.5796752929687727
2022-01-29,15:00:00,2.6801391601562727
2022-01-29,16:00:00,2.8088928222656477
2022-01-29,17:00:00,2.2605529785156477
2022-01-29,18:00:00,2.0446716308593977
2022-01-29,19:00:00,1.7705322265625227
2022-01-29,20:00:00,1.1844726562500227
2022-01-29,21:00:00,0.22048339843752274
2022-01-29,22:00:00,-0.05368652343747726
2022-01-29,23:00:00,-0.17523803710935226
2022-01-30,00:00:00,-0.6508544921874773
2022-01-30,01:00:00,-0.9216674804687273
2022-01-30,02:00:00,-1.0820678710937273
2022-01-30,03:00:00,-1.4944213867187273
2022-01-30,04:00:00,-1.7119506835937273
2022-01-30,05:00:00,-1.9134277343749773
2022-01-30,06:00:00,-2.0160888671874773
2022-01-30,07:00:00,-1.6281494140624773
2022-01-30,08:00:00,-1.3961853027343523
2022-01-30,09:00:00,0.35143432617189774
2022-01-30,10:00:00,0.7443786621093977
2022-01-30,11:00:00,1.0656982421875227
2022-01-30,12:00:00,1.7843872070312727
2022-01-30,13:00:00,2.1972900390625227
2022-01-30,14:00:00,2.5469299316406477
2022-01-30,15:00:00,2.5430541992187727
2022-01-30,16:00:00,2.2239318847656477
2022-01-30,17:00:00,1.4913574218750227
2022-01-30,18:00:00,1.7033630371093977
2022-01-30,19:00:00,1.8770690917968977
2022-01-30,20:00:00,2.0929504394531477
2022-01-30,21:00:00,2.0402465820312727
2022-01-30,22:00:00,2.1357055664062727
2022-01-30,23:00:00,2.3776489257812727
2022-01-31,00:00:00,2.6024414062500227
2022-01-31,01:00:00,2.8826843261718977
2022-01-31,02:00:00,2.7661376953125227
2022-01-31,03:00:00,2.7450500488281477
2022-01-31,04:00:00,2.5585876464843977
2022-01-31,05:00:00,2.5069824218750227
2022-01-31,06:00:00,2.7889038085937727
2022-01-31,07:00:00,2.7511535644531477
2022-01-31,08:00:00,2.6412902832031477
2022-01-31,09:00:00,3.3344360351562727
2022-01-31,10:00:00,3.2883850097656477
2022-01-31,11:00:00,3.4742980957031477
2022-01-31,12:00:00,4.005395507812523
2022-01-31,13:00:00,4.188012695312523
2022-01-31,14:00:00,4.342279052734398
2022-01-31,15:00:00,4.295098876953148
2022-01-31,16:00:00,4.171899414062523
2022-01-31,17:00:00,3.0835815429687727
2022-01-31,18:00:00,2.6518188476562727
2022-01-31,19:00:00,2.2528015136718977
2022-01-31,20:00:00,2.1279235839843977
2022-01-31,21:00:00,1.5013671875000227
2022-01-31,22:00:00,0.9358459472656477
2022-01-31,23:00:00,0.42971191406252274
2022-02-01,00:00:00,-0.20520629882810226
2022-02-01,01:00:00,-0.5242980957031023
2022-02-01,02:00:00,-0.8378662109374773
2022-02-01,03:00:00,-1.3662170410156023
2022-02-01,04:00:00,-1.7446960449218523
2022-02-01,05:00:00,-1.9833435058593523
2022-02-01,06:00:00,-2.0532592773437273
2022-02-01,07:00:00,-2.0843566894531023
2022-02-01,08:00:00,-1.7602294921874773
2022-02-01,09:00:00,-0.5376342773437273
2022-02-01,10:00:00,0.025659179687522737
2022-02-01,11:00:00,0.6355834960937727
2022-02-01,12:00:00,1.5618530273437727
2022-02-01,13:00:00,2.0702148437500227
2022-02-01,14:00:00,2.4570251464843977
2022-02-01,15:00:00,2.4437194824218977
2022-02-01,16:00:00,2.3199401855468977
2022-02-01,17:00:00,0.6799865722656477
2022-02-01,18:00:00,0.18163452148439774
2022-02-01,19:00:00,-0.29398193359372726
2022-02-01,20:00:00,-0.7535156249999773
2022-02-01,21:00:00,-1.2174743652343523
2022-02-01,22:00:00,-1.0076965332031023
2022-02-01,23:00:00,-1.1936096191406023
2022-02-02,00:00:00,-1.3895019531249773
2022-02-02,01:00:00,-1.4328063964843523
2022-02-02,02:00:00,-1.5593322753906023
2022-02-02,03:00:00,-1.8002075195312273
2022-02-02,04:00:00,-1.9339355468749773
2022-02-02,05:00:00,-2.3917907714843523
2022-02-02,06:00:00,-2.3024658203124773
2022-02-02,07:00:00,-2.1087707519531023
2022-02-02,08:00:00,-1.8495849609374773
2022-02-02,09:00:00,-0.29456176757810226
2022-02-02,10:00:00,0.12279663085939774
2022-02-02,11:00:00,0.6866394042968977
2022-02-02,12:00:00,1.4830566406250227
2022-02-02,13:00:00,1.9003845214843977
2022-02-02,14:00:00,2.2244812011718977
2022-02-02,15:00:00,2.1773315429687727
2022-02-02,16:00:00,1.9847351074218977
2022-02-02,17:00:00,1.0107666015625227
2022-02-02,18:00:00,1.4697204589843977
2022-02-02,19:00:00,1.6650634765625227
2022-02-02,20:00:00,1.7733093261718977
2022-02-02,21:00:00,1.0052124023437727
2022-02-02,22:00:00,0.6883178710937727
2022-02-02,23:00:00,1.0035339355468977
2022-02-03,00:00:00,0.7799011230468977
2022-02-03,01:00:00,0.6144958496093977
2022-02-03,02:00:00,0.5373474121093977
2022-02-03,03:00:00,0.13332519531252274
2022-02-03,04:00:00,0.06063232421877274
2022-02-03,05:00:00,0.35256347656252274
2022-02-03,06:00:00,0.5745483398437727
2022-02-03,07:00:00,0.5795532226562727
2022-02-03,08:00:00,0.7759948730468977
2022-02-03,09:00:00,2.6063171386718977
2022-02-03,10:00:00,2.7905517578125227
2022-02-03,11:00:00,2.9576049804687727
2022-02-03,12:00:00,3.3705078125000227
2022-02-03,13:00:00,3.5403381347656477
2022-02-03,14:00:00,3.6846252441406477
2022-02-03,15:00:00,3.4515319824218977
2022-02-03,16:00:00,3.2040344238281477
2022-02-03,17:00:00,2.5918823242187727
2022-02-03,18:00:00,2.8171936035156477
2022-02-03,19:00:00,2.9959045410156477
2022-02-03,20:00:00,2.8865905761718977
2022-02-03,21:00:00,2.3882080078125227
2022-02-03,22:00:00,2.1256958007812727
2022-02-03,23:00:00,1.8643127441406477
2022-02-04,00:00:00,1.3098999023437727
2022-02-04,01:00:00,0.9397216796875227
2022-02-04,02:00:00,0.5501342773437727
2022-02-04,03:00:00,-0.025396728515602263
2022-02-04,04:00:00,-0.06921997070310226
2022-02-04,05:00:00,-0.26123657226560226
2022-02-04,06:00:00,-0.34116210937497726
2022-02-04,07:00:00,-0.5187744140624773
2022-02-04,08:00:00,-0.5759338378906023
2022-02-04,09:00:00,0.5778747558593977
2022-02-04,10:00:00,0.8620239257812727
2022-02-04,11:00:00,1.2571655273437727
2022-02-04,12:00:00,2.0302368164062727
2022-02-04,13:00:00,2.1684509277343977
2022-02-04,14:00:00,2.0507751464843977
2022-02-04,15:00:00,1.2221923828125227
2022-02-04,16:00:00,0.5778747558593977
2022-02-04,17:00:00,-1.0437683105468523
2022-02-04,18:00:00,-1.7363647460937273
2022-02-04,19:00:00,-2.3113464355468523
2022-02-04,20:00:00,-2.6160034179687273
2022-02-04,21:00:00,-3.0561279296874773
2022-02-04,22:00:00,-3.1526855468749773
2022-02-04,23:00:00,-3.3219360351562273
2022-02-05,00:00:00,-3.6355041503906023
2022-02-05,01:00:00,-3.5389465332031023
2022-02-05,02:00:00,-3.5289672851562273
2022-02-05,03:00:00,-3.5100769042968523
2022-02-05,04:00:00,-3.3374999999999773
2022-02-05,05:00:00,-3.1410278320312273
2022-02-05,06:00:00,-3.0022949218749773
2022-02-05,07:00:00,-2.9145874023437273
2022-02-05,08:00:00,-2.6215576171874773
2022-02-05,09:00:00,-1.1980346679687273
2022-02-05,10:00:00,-0.5881408691406023
2022-02-05,11:00:00,0.03453979492189774
2022-02-05,12:00:00,0.8536926269531477
2022-02-05,13:00:00,1.2582641601562727
2022-02-05,14:00:00,1.4808288574218977
2022-02-05,15:00:00,1.2416320800781477
2022-02-05,16:00:00,1.0057617187500227
2022-02-05,17:00:00,-0.06088867187497726
2022-02-05,18:00:00,-0.35837402343747726
2022-02-05,19:00:00,-0.42828979492185226
2022-02-05,20:00:00,-0.41498413085935226
2022-02-05,21:00:00,-0.8245605468749773
2022-02-05,22:00:00,-0.9272216796874773
2022-02-05,23:00:00,-0.9544128417968523
2022-02-06,00:00:00,-1.0515502929687273
2022-02-06,01:00:00,-1.0720581054687273
2022-02-06,02:00:00,-1.0365661621093523
2022-02-06,03:00:00,-1.1947082519531023
2022-02-06,04:00:00,-1.2396606445312273
2022-02-06,05:00:00,-1.0914978027343523
2022-02-06,06:00:00,-1.1064819335937273
2022-02-06,07:00:00,-0.9582885742187273
2022-02-06,08:00:00,-0.7307495117187273
2022-02-06,09:00:00,0.8248535156250227
2022-02-06,10:00:00,1.5418640136718977
2022-02-06,11:00:00,2.3332763671875227
2022-02-06,12:00:00,3.3577514648437727
2022-02-06,13:00:00,4.013726806640648
2022-02-06,14:00:00,4.466607666015648
2022-02-06,15:00:00,4.417749023437523
2022-02-06,16:00:00,3.9870849609375227
2022-02-06,17:00:00,2.8410583496093977
2022-02-06,18:00:00,2.4903198242187727
2022-02-06,19:00:00,1.8005004882812727
2022-02-06,20:00:00,1.1572814941406477
2022-02-06,21:00:00,1.4425292968750227
2022-02-06,22:00:00,1.2449584960937727
2022-02-06,23:00:00,1.0640197753906477
2022-02-07,00:00:00,0.42083129882814774
2022-02-07,01:00:00,0.32592163085939774
2022-02-07,02:00:00,-0.10474243164060226
2022-02-07,03:00:00,0.06340942382814774
2022-02-07,04:00:00,0.32479248046877274
2022-02-07,05:00:00,0.5306945800781477
2022-02-07,06:00:00,0.7327209472656477
2022-02-07,07:00:00,0.9996582031250227
2022-02-07,08:00:00,1.2044311523437727
2022-02-07,09:00:00,2.1645446777343977
2022-02-07,10:00:00,2.4892211914062727
2022-02-07,11:00:00,2.6223999023437727
2022-02-07,12:00:00,2.9121032714843977
2022-02-07,13:00:00,3.1446472167968977
2022-02-07,14:00:00,3.3505493164062727
2022-02-07,15:00:00,3.3521972656250227
2022-02-07,16:00:00,3.3904968261718977
2022-02-07,17:00:00,2.4204040527343977
2022-02-07,18:00:00,1.9508911132812727
2022-02-07,19:00:00,1.6728454589843977
2022-02-07,20:00:00,1.7827392578125227
2022-02-07,21:00:00,1.3392883300781477
2022-02-07,22:00:00,1.2893615722656477
2022-02-07,23:00:00,1.7427612304687727
2022-02-08,00:00:00,1.7311035156250227
2022-02-08,01:00:00,1.5218750000000227
2022-02-08,02:00:00,1.4536376953125227
2022-02-08,03:00:00,0.9952026367187727
2022-02-08,04:00:00,0.8181701660156477
2022-02-08,05:00:00,0.7393737792968977
2022-02-08,06:00:00,0.5257202148437727
2022-02-08,07:00:00,0.8320556640625227
2022-02-08,08:00:00,1.0257507324218977
2022-02-08,09:00:00,2.9764953613281477
2022-02-08,10:00:00,3.6668640136718977
2022-02-08,11:00:00,4.279016113281273
2022-02-08,12:00:00,5.067071533203148
2022-02-08,13:00:00,5.441125488281273
2022-02-08,14:00:00,5.585992431640648
2022-02-08,15:00:00,5.197503662109398
2022-02-08,16:00:00,4.655847167968773
2022-02-08,17:00:00,3.4631896972656477
2022-02-08,18:00:00,3.2867065429687727
2022-02-08,19:00:00,3.4676452636718977
2022-02-08,20:00:00,3.7184997558593977
2022-02-08,21:00:00,3.4793029785156477
2022-02-08,22:00:00,3.2856079101562727
2022-02-08,23:00:00,3.1124511718750227
2022-02-09,00:00:00,2.7411743164062727
2022-02-09,01:00:00,2.4420410156250227
2022-02-09,02:00:00,2.2605529785156477
2022-02-09,03:00:00,2.2256103515625227
2022-02-09,04:00:00,2.3760009765625227
2022-02-09,05:00:00,1.8543334960937727
2022-02-09,06:00:00,2.0507751464843977
2022-02-09,07:00:00,2.7800231933593977
2022-02-09,08:00:00,3.2711730957031477
2022-02-09,09:00:00,5.067071533203148
2022-02-09,10:00:00,5.327355957031273
2022-02-09,11:00:00,5.463891601562523
2022-02-09,12:00:00,5.780236816406273
2022-02-09,13:00:00,5.799096679687523
2022-02-09,14:00:00,5.627038574218773
2022-02-09,15:00:00,5.124810791015648
2022-02-09,16:00:00,4.952752685546898
2022-02-09,17:00:00,4.111962890625023
2022-02-09,18:00:00,4.095880126953148
2022-02-09,19:00:00,4.076440429687523
2022-02-09,20:00:00,4.079217529296898
2022-02-09,21:00:00,3.7573486328125227
2022-02-09,22:00:00,3.7268005371093977
2022-02-09,23:00:00,3.8239379882812727
2022-02-10,00:00:00,3.3871704101562727
2022-02-10,01:00:00,3.1213317871093977
2022-02-10,02:00:00,2.7533813476562727
2022-02-10,03:00:00,2.2977539062500227
2022-02-10,04:00:00,2.0641113281250227
2022-02-10,05:00:00,2.1201416015625227
2022-02-10,06:00:00,1.8232360839843977
2022-02-10,07:00:00,1.8571105957031477
2022-02-10,08:00:00,2.3854309082031477
2022-02-10,09:00:00,3.5197998046875227
2022-02-10,10:00:00,5.522729492187523
2022-02-10,11:00:00,6.028314208984398
2022-02-10,12:00:00,6.607690429687523
2022-02-10,13:00:00,6.609368896484398
2022-02-10,14:00:00,6.533319091796898
2022-02-10,15:00:00,6.147607421875023
2022-02-10,16:00:00,5.760797119140648
2022-02-10,17:00:00,4.905572509765648
2022-02-10,18:00:00,4.978295898437523
2022-02-10,19:00:00,4.927239990234398
2022-02-10,20:00:00,5.032128906250023
2022-02-10,21:00:00,4.767938232421898
2022-02-10,22:00:00,4.699700927734398
2022-02-10,23:00:00,4.660272216796898
2022-02-11,00:00:00,4.191339111328148
2022-02-11,01:00:00,4.074792480468773
2022-02-11,02:00:00,3.8528076171875227
2022-02-11,03:00:00,3.2833801269531477
2022-02-11,04:00:00,3.0641723632812727
2022-02-11,05:00:00,2.7988830566406477
2022-02-11,06:00:00,2.6640258789062727
2022-02-11,07:00:00,3.1518493652343977
2022-02-11,08:00:00,3.6335693359375227
2022-02-11,09:00:00,5.537133789062523
2022-02-11,10:00:00,5.998895263671898
2022-02-11,11:00:00,6.334649658203148
2022-02-11,12:00:00,6.747003173828148
2022-02-11,13:00:00,6.763635253906273
2022-02-11,14:00:00,6.561090087890648
2022-02-11,15:00:00,6.098779296875023
2022-02-11,16:00:00,5.780236816406273
2022-02-11,17:00:00,4.931115722656273
2022-02-11,18:00:00,4.805688476562523
2022-02-11,19:00:00,4.801232910156273
2022-02-11,20:00:00,4.985498046875023
2022-02-11,21:00:00,4.866174316406273
2022-02-11,22:00:00,4.678582763671898
2022-02-11,23:00:00,5.059320068359398
2022-02-12,00:00:00,4.157464599609398
2022-02-12,01:00:00,3.9887634277343977
2022-02-12,02:00:00,3.8572326660156477
2022-02-12,03:00:00,3.4354492187500227
2022-02-12,04:00:00,3.4187866210937727
2022-02-12,05:00:00,3.3055969238281477
2022-02-12,06:00:00,2.6274047851562727
2022-02-12,07:00:00,1.9636474609375227
2022-02-12,08:00:00,2.0990539550781477
2022-02-12,09:00:00,3.5586486816406477
2022-02-12,10:00:00,4.226831054687523
2022-02-12,11:00:00,4.832879638671898
2022-02-12,12:00:00,5.603753662109398
2022-02-12,13:00:00,5.790216064453148
2022-02-12,14:00:00,5.760797119140648
2022-02-12,15:00:00,5.269097900390648
2022-02-12,16:00:00,5.118127441406273
2022-02-12,17:00:00,4.607019042968773
2022-02-12,18:00:00,4.605340576171898
2022-02-12,19:00:00,4.645288085937523
2022-02-12,20:00:00,4.721337890625023
2022-02-12,21:00:00,4.368920898437523
2022-02-12,22:00:00,4.424981689453148
2022-02-12,23:00:00,4.762384033203148
2022-02-13,00:00:00,4.407220458984398
2022-02-13,01:00:00,4.045922851562523
2022-02-13,02:00:00,3.1696105957031477
2022-02-13,03:00:00,2.9842468261718977
2022-02-13,04:00:00,2.9753662109375227
2022-02-13,05:00:00,3.3266845703125227
2022-02-13,06:00:00,3.3355651855468977
2022-02-13,07:00:00,3.2190185546875227
2022-02-13,08:00:00,3.2734008789062727
2022-02-13,09:00:00,4.186334228515648
2022-02-13,10:00:00,4.272912597656273
2022-02-13,11:00:00,4.258477783203148
2022-02-13,12:00:00,4.585900878906273
2022-02-13,13:00:00,4.663598632812523
2022-02-13,14:00:00,4.649194335937523
2022-02-13,15:00:00,4.494897460937523
2022-02-13,16:00:00,4.365045166015648
2022-02-13,17:00:00,4.098657226562523
2022-02-13,18:00:00,4.280114746093773
2022-02-13,19:00:00,4.509332275390648
2022-02-13,20:00:00,4.522637939453148
2022-02-13,21:00:00,4.498223876953148
2022-02-13,22:00:00,4.516534423828148
2022-02-13,23:00:00,4.627526855468773
2022-02-14,00:00:00,4.519311523437523
2022-02-14,01:00:00,4.381127929687523
2022-02-14,02:00:00,4.245721435546898
2022-02-14,03:00:00,4.294549560546898
2022-02-14,04:00:00,4.231286621093773
2022-02-14,05:00:00,3.0053344726562727
2022-02-14,06:00:00,2.2078491210937727
2022-02-14,07:00:00,1.9014831542968977
2022-02-14,08:00:00,1.6595092773437727
2022-02-14,09:00:00,1.8654113769531477
2022-02-14,10:00:00,1.9547668457031477
2022-02-14,11:00:00,2.0979553222656477
2022-02-14,12:00:00,2.1690002441406477
2022-02-14,13:00:00,2.0613342285156477
2022-02-14,14:00:00,1.8959594726562727
2022-02-14,15:00:00,1.1888977050781477
2022-02-14,16:00:00,0.7715698242187727
2022-02-14,17:00:00,-0.17246093749997726
2022-02-14,18:00:00,-0.7085632324218523
2022-02-14,19:00:00,-1.2995971679687273
2022-02-14,20:00:00,-1.6792053222656023
2022-02-14,21:00:00,-2.1592773437499773
2022-02-14,22:00:00,-2.4983581542968523
2022-02-14,23:00:00,-2.6032470703124773
2022-02-15,00:00:00,-2.7614196777343523
2022-02-15,01:00:00,-2.9406799316406023
2022-02-15,02:00:00,-2.9534362792968523
2022-02-15,03:00:00,-3.1510070800781023
2022-02-15,04:00:00,-3.1088317871093523
2022-02-15,05:00:00,-3.4712280273437273
2022-02-15,06:00:00,-3.5877746582031023
2022-02-15,07:00:00,-3.4634765624999773
2022-02-15,08:00:00,-3.2492431640624773
2022-02-15,09:00:00,-2.5383056640624773
2022-02-15,10:00:00,-2.2280944824218523
2022-02-15,11:00:00,-1.8168395996093523
2022-02-15,12:00:00,-1.0371154785156023
2022-02-15,13:00:00,-0.43884887695310226
2022-02-15,14:00:00,0.16219482421877274
2022-02-15,15:00:00,0.5961853027343977
2022-02-15,16:00:00,0.9663635253906477
2022-02-15,17:00:00,-0.11362304687497726
2022-02-15,18:00:00,-0.45770874023435226
2022-02-15,19:00:00,-0.46604003906247726
2022-02-15,20:00:00,-0.8117736816406023
2022-02-15,21:00:00,-1.1514343261718523
2022-02-15,22:00:00,-1.4483398437499773
2022-02-15,23:00:00,-1.6886352539062273
2022-02-16,00:00:00,-1.9966491699218523
2022-02-16,01:00:00,-2.1570495605468523
2022-02-16,02:00:00,-2.3379577636718523
2022-02-16,03:00:00,-2.6665100097656023
2022-02-16,04:00:00,-2.9534362792968523
2022-02-16,05:00:00,-3.3419250488281023
2022-02-16,06:00:00,-3.5861267089843523
2022-02-16,07:00:00,-3.5999816894531023
2022-02-16,08:00:00,-3.4173950195312273
2022-02-16,09:00:00,-2.4900268554687273
2022-02-16,10:00:00,-1.8995422363281023
2022-02-16,11:00:00,-1.2135986328124773
2022-02-16,12:00:00,-0.11084594726560226
2022-02-16,13:00:00,0.5712219238281477
2022-02-16,14:00:00,1.0551391601562727
2022-02-16,15:00:00,0.6428161621093977
2022-02-16,16:00:00,-0.030920410156227263
2022-02-16,17:00:00,-1.5216125488281023
2022-02-16,18:00:00,-2.2791503906249773
2022-02-16,19:00:00,-2.8213562011718523
2022-02-16,20:00:00,-3.2137207031249773
2022-02-16,21:00:00,-3.6127685546874773
2022-02-16,22:00:00,-3.6998962402343523
2022-02-16,23:00:00,-3.7553771972656023
2022-02-17,00:00:00,-3.9651550292968523
2022-02-17,01:00:00,-3.8952392578124773
2022-02-17,02:00:00,-3.7698120117187273
2022-02-17,03:00:00,-3.5661376953124773
2022-02-17,04:00:00,-3.5261901855468523
2022-02-17,05:00:00,-3.5217346191406023
2022-02-17,06:00:00,-3.4790100097656023
2022-02-17,07:00:00,-3.4296020507812273
2022-02-17,08:00:00,-3.2520202636718523
2022-02-17,09:00:00,-2.4672912597656023
2022-02-17,10:00:00,-2.2724975585937273
2022-02-17,11:00:00,-1.9705871582031023
2022-02-17,12:00:00,-1.4450134277343523
2022-02-17,13:00:00,-1.1819519042968523
2022-02-17,14:00:00,-0.9188903808593523
2022-02-17,15:00:00,-0.9538635253906023
2022-02-17,16:00:00,-0.9089111328124773
2022-02-17,17:00:00,-1.3145812988281023
2022-02-17,18:00:00,-1.2180236816406023
2022-02-17,19:00:00,-1.1575378417968523
2022-02-17,20:00:00,-1.1009277343749773
2022-02-17,21:00:00,-0.6242126464843523
2022-02-17,22:00:00,-0.6258605957031023
2022-02-17,23:00:00,-0.5737060546874773
2022-02-18,00:00:00,-0.5798095703124773
2022-02-18,01:00:00,-0.44937744140622726
2022-02-18,02:00:00,-0.5909179687499773
2022-02-18,03:00:00,-1.3362487792968523
2022-02-18,04:00:00,-1.2352355957031023
2022-02-18,05:00:00,-0.8611816406249773
2022-02-18,06:00:00,-1.0232299804687273
2022-02-18,07:00:00,-0.28677978515622726
2022-02-18,08:00:00,0.09670410156252274
2022-02-18,09:00:00,1.1567016601562727
2022-02-18,10:00:00,1.3054443359375227
2022-02-18,11:00:00,1.4242187500000227
2022-02-18,12:00:00,1.7061401367187727
2022-02-18,13:00:00,1.6306701660156477
2022-02-18,14:00:00,1.7566467285156477
2022-02-18,15:00:00,1.5918212890625227
2022-02-18,16:00:00,1.5918212890625227
2022-02-18,17:00:00,1.6950317382812727
2022-02-18,18:00:00,1.8254638671875227
2022-02-18,19:00:00,1.9669738769531477
2022-02-18,20:00:00,1.4503112792968977
2022-02-18,21:00:00,1.3670593261718977
2022-02-18,22:00:00,1.2410827636718977
2022-02-18,23:00:00,0.9419494628906477
2022-02-19,00:00:00,0.5667663574218977
2022-02-19,01:00:00,0.36754760742189774
2022-02-19,02:00:00,0.19994506835939774
2022-02-19,03:00:00,0.024011230468772737
2022-02-19,04:00:00,-0.06033935546872726
2022-02-19,05:00:00,-0.04648437499997726
2022-02-19,06:00:00,-0.17966308593747726
2022-02-19,07:00:00,-0.27289428710935226
2022-02-19,08:00:00,-0.29675903320310226
2022-02-19,09:00:00,0.15108642578127274
2022-02-19,10:00:00,0.25988159179689774
2022-02-19,11:00:00,0.29927978515627274
2022-02-19,12:00:00,0.37697753906252274
2022-02-19,13:00:00,0.26708374023439774
2022-02-19,14:00:00,0.13167724609377274
2022-02-19,15:00:00,-0.29675903320310226
2022-02-19,16:00:00,-0.7091125488281023
2022-02-19,17:00:00,-1.7585815429687273
2022-02-19,18:00:00,-2.2192138671874773
2022-02-19,19:00:00,-2.2791503906249773
2022-02-19,20:00:00,-2.1592773437499773
2022-02-19,21:00:00,-2.4262145996093523
2022-02-19,22:00:00,-2.4306396484374773
2022-02-19,23:00:00,-2.3584960937499773
2022-02-20,00:00:00,-2.3807128906249773
2022-02-20,01:00:00,-2.3440917968749773
2022-02-20,02:00:00,-2.3190979003906023
2022-02-20,03:00:00,-2.3118957519531023
2022-02-20,04:00:00,-2.2647155761718523
2022-02-20,05:00:00,-2.3851379394531023
2022-02-20,06:00:00,-2.3584960937499773
2022-02-20,07:00:00,-2.3063415527343523
2022-02-20,08:00:00,-1.9095214843749773
2022-02-20,09:00:00,-0.34781494140622726
2022-02-20,10:00:00,0.28261718750002274
2022-02-20,11:00:00,0.9502502441406477
2022-02-20,12:00:00,2.0163818359375227
2022-02-20,13:00:00,2.5757995605468977
2022-02-20,14:00:00,3.0036865234375227
2022-02-20,15:00:00,3.2833801269531477
2022-02-20,16:00:00,3.4126831054687727
2022-02-20,17:00:00,3.0219970703125227
2022-02-20,18:00:00,2.5724731445312727
2022-02-20,19:00:00,2.7211853027343977
2022-02-20,20:00:00,2.6917663574218977
2022-02-20,21:00:00,2.3510375976562727
2022-02-20,22:00:00,1.8348937988281477
2022-02-20,23:00:00,1.2982421875000227
2022-02-21,00:00:00,0.8131958007812727
2022-02-21,01:00:00,0.7077270507812727
2022-02-21,02:00:00,0.5118347167968977
2022-02-21,03:00:00,0.47741088867189774
2022-02-21,04:00:00,0.45522460937502274
2022-02-21,05:00:00,0.5801025390625227
2022-02-21,06:00:00,0.6184020996093977
2022-02-21,07:00:00,0.5168395996093977
2022-02-21,08:00:00,0.6599975585937727
2022-02-21,09:00:00,2.1301513671875227
2022-02-21,10:00:00,2.8377319335937727
2022-02-21,11:00:00,3.4027038574218977
2022-02-21,12:00:00,4.220727539062523
2022-02-21,13:00:00,4.585351562500023
2022-02-21,14:00:00,4.856744384765648
2022-02-21,15:00:00,4.700250244140648
2022-02-21,16:00:00,4.513208007812523
2022-02-21,17:00:00,3.5397888183593977
2022-02-21,18:00:00,2.7861267089843977
2022-02-21,19:00:00,1.7100158691406477
2022-02-21,20:00:00,0.9635864257812727
2022-02-21,21:00:00,0.24877319335939774
2022-02-21,22:00:00,-0.12473144531247726
2022-02-21,23:00:00,-0.39887084960935226
2022-02-22,00:00:00,-0.6758178710937273
2022-02-22,01:00:00,-0.15524902343747726
2022-02-22,02:00:00,-0.33673706054685226
2022-02-22,03:00:00,-0.9765991210937273
2022-02-22,04:00:00,-1.0831665039062273
2022-02-22,05:00:00,-0.41220703124997726
2022-02-22,06:00:00,-0.6541809082031023
2022-02-22,07:00:00,-0.5920166015624773
2022-02-22,08:00:00,-0.24570312499997726
2022-02-22,09:00:00,1.0379577636718977
2022-02-22,10:00:00,1.7100158691406477
2022-02-22,11:00:00,2.3038574218750227
2022-02-22,12:00:00,2.8355346679687727
2022-02-22,13:00:00,3.1024719238281477
2022-02-22,14:00:00,3.1141296386718977
2022-02-22,15:00:00,2.5585876464843977
2022-02-22,16:00:00,1.9619995117187727
2022-02-22,17:00:00,0.39806518554689774
2022-02-22,18:00:00,-0.5259765624999773
2022-02-22,19:00:00,-1.2818664550781023
2022-02-22,20:00:00,-1.6808837890624773
2022-02-22,21:00:00,-2.2308715820312273
2022-02-22,22:00:00,-2.4606079101562273
2022-02-22,23:00:00,-2.6110290527343523
2022-02-23,00:00:00,-2.9617675781249773
2022-02-23,01:00:00,-3.0133728027343523
2022-02-23,02:00:00,-3.0339111328124773
2022-02-23,03:00:00,-3.3152832031249773
2022-02-23,04:00:00,-3.3274902343749773
2022-02-23,05:00:00,-2.6093505859374773
2022-02-23,06:00:00,-2.4944824218749773
2022-02-23,07:00:00,-2.3468383789062273
2022-02-23,08:00:00,-2.0077575683593523
2022-02-23,09:00:00,-0.7695983886718523
2022-02-23,10:00:00,-0.42996826171872726
2022-02-23,11:00:00,-0.09253540039060226
2022-02-23,12:00:00,0.5168395996093977
2022-02-23,13:00:00,0.8115173339843977
2022-02-23,14:00:00,1.0790039062500227
2022-02-23,15:00:00,1.2371765136718977
2022-02-23,16:00:00,1.3282104492187727
2022-02-23,17:00:00,0.5318237304687727
2022-02-23,18:00:00,0.6905456542968977
2022-02-23,19:00:00,0.9502502441406477
2022-02-23,20:00:00,1.0801330566406477
2022-02-23,21:00:00,0.8514648437500227
2022-02-23,22:00:00,1.0146423339843977
2022-02-23,23:00:00,1.1028686523437727
2022-02-24,00:00:00,1.1667114257812727
2022-02-24,01:00:00,1.2566162109375227
2022-02-24,02:00:00,1.2610412597656477
2022-02-24,03:00:00,1.0801330566406477
2022-02-24,04:00:00,1.0906616210937727
2022-02-24,05:00:00,1.3315368652343977
2022-02-24,06:00:00,1.2099853515625227
2022-02-24,07:00:00,1.4874816894531477
2022-02-24,08:00:00,1.9447875976562727
2022-02-24,09:00:00,3.8067260742187727
2022-02-24,10:00:00,4.552056884765648
2022-02-24,11:00:00,5.137017822265648
2022-02-24,12:00:00,6.115441894531273
2022-02-24,13:00:00,6.301904296875023
2022-02-24,14:00:00,6.442864990234398
2022-02-24,15:00:00,6.352960205078148
2022-02-24,16:00:00,6.222528076171898
2022-02-24,17:00:00,5.306817626953148
2022-02-24,18:00:00,5.247460937500023
2022-02-24,19:00:00,5.236352539062523
2022-02-24,20:00:00,5.287408447265648
2022-02-24,21:00:00,5.083734130859398
2022-02-24,22:00:00,5.110925292968773
2022-02-24,23:00:00,5.046533203125023
2022-02-25,00:00:00,4.710229492187523
2022-02-25,01:00:00,4.510980224609398
2022-02-25,02:00:00,4.356164550781273
2022-02-25,03:00:00,3.9615722656250227
2022-02-25,04:00:00,3.8095031738281477
2022-02-25,05:00:00,3.8894287109375227
2022-02-25,06:00:00,3.7850891113281477
2022-02-25,07:00:00,4.096978759765648
2022-02-25,08:00:00,4.582574462890648
2022-02-25,09:00:00,6.505029296875023
2022-02-25,10:00:00,6.879083251953148
2022-02-25,11:00:00,7.154351806640648
2022-02-25,12:00:00,7.634973144531273
2022-02-25,13:00:00,7.654931640625023
2022-02-25,14:00:00,7.694909667968773
2022-02-25,15:00:00,7.641076660156273
2022-02-25,16:00:00,7.687677001953148
2022-02-25,17:00:00,6.733666992187523
2022-02-25,18:00:00,6.758660888671898
2022-02-25,19:00:00,6.774194335937523
2022-02-25,20:00:00,6.899072265625023
2022-02-25,21:00:00,6.784722900390648
2022-02-25,22:00:00,6.774194335937523
2022-02-25,23:00:00,6.699822998046898
2022-02-26,00:00:00,6.478936767578148
2022-02-26,01:00:00,6.351861572265648
2022-02-26,02:00:00,6.234765625000023
2022-02-26,03:00:00,5.801873779296898
2022-02-26,04:00:00,5.812982177734398
2022-02-26,05:00:00,6.042718505859398
2022-02-26,06:00:00,6.063256835937523
2022-02-26,07:00:00,6.030511474609398
2022-02-26,08:00:00,6.584375000000023
2022-02-26,09:00:00,8.261529541015648
2022-02-26,10:00:00,8.823724365234398
2022-02-26,11:00:00,9.106744384765648
2022-02-26,12:00:00,8.873651123046898
2022-02-26,13:00:00,8.145532226562523
2022-02-26,14:00:00,7.713769531250023
2022-02-26,15:00:00,7.072198486328148
2022-02-26,16:00:00,6.791406250000023
2022-02-26,17:00:00,6.058282470703148
2022-02-26,18:00:00,5.458886718750023
2022-02-26,19:00:00,4.660852050781273
2022-02-26,20:00:00,4.351708984375023
2022-02-26,21:00:00,3.7073913574218977
2022-02-26,22:00:00,3.3888183593750227
2022-02-26,23:00:00,3.4182373046875227
2022-02-27,00:00:00,3.6296936035156477
2022-02-27,01:00:00,3.8050781250000227
2022-02-27,02:00:00,3.8855224609375227
2022-02-27,03:00:00,3.8250366210937727
2022-02-27,04:00:00,3.8922058105468977
2022-02-27,05:00:00,4.314538574218773
2022-02-27,06:00:00,4.314538574218773
2022-02-27,07:00:00,4.649743652343773
2022-02-27,08:00:00,5.137017822265648
2022-02-27,09:00:00,6.829125976562523
2022-02-27,10:00:00,7.061120605468773
2022-02-27,11:00:00,7.241479492187523
2022-02-27,12:00:00,7.851953125000023
2022-02-27,13:00:00,7.878045654296898
2022-02-27,14:00:00,7.759820556640648
2022-02-27,15:00:00,7.339715576171898
2022-02-27,16:00:00,7.244256591796898
2022-02-27,17:00:00,6.421228027343773
2022-02-27,18:00:00,6.373498535156273
2022-02-27,19:00:00,6.427331542968773
2022-02-27,20:00:00,6.436761474609398
2022-02-27,21:00:00,6.164819335937523
2022-02-27,22:00:00,6.044396972656273
2022-02-27,23:00:00,5.995568847656273
2022-02-28,00:00:00,5.754144287109398
2022-02-28,01:00:00,5.587640380859398
2022-02-28,02:00:00,5.497186279296898
2022-02-28,03:00:00,5.427819824218773
2022-02-28,04:00:00,5.424493408203148
2022-02-28,05:00:00,5.473870849609398
2022-02-28,06:00:00,5.646478271484398
2022-02-28,07:00:00,5.920648193359398
2022-02-28,08:00:00,6.183679199218773
2022-02-28,09:00:00,7.222070312500023
2022-02-28,10:00:00,7.281427001953148
2022-02-28,11:00:00,7.259790039062523
2022-02-28,12:00:00,7.546166992187523
2022-02-28,13:00:00,7.548944091796898
2022-02-28,14:00:00,7.222070312500023
2022-02-28,15:00:00,6.946221923828148
2022-02-28,16:00:00,6.847436523437523
2022-02-28,17:00:00,6.278039550781273
2022-02-28,18:00:00,6.340753173828148
2022-02-28,19:00:00,6.422875976562523
2022-02-28,20:00:00,6.465631103515648
2022-02-28,21:00:00,6.550531005859398
2022-02-28,22:00:00,6.753106689453148
2022-02-28,23:00:00,7.031701660156273
2022-03-01,00:00:00,6.931237792968773
2022-03-01,01:00:00,7.419641113281273
2022-03-01,02:00:00,7.727075195312523
2022-03-01,03:00:00,6.302453613281273
2022-03-01,04:00:00,4.979943847656273
2022-03-01,05:00:00,4.129174804687523
2022-03-01,06:00:00,3.5464416503906477
2022-03-01,07:00:00,3.4554382324218977
2022-03-01,08:00:00,3.6690917968750227
2022-03-01,09:00:00,4.742425537109398
2022-03-01,10:00:00,5.518823242187523
2022-03-01,11:00:00,6.250848388671898
2022-03-01,12:00:00,7.095513916015648
2022-03-01,13:00:00,7.396875000000023
2022-03-01,14:00:00,7.443505859375023
2022-03-01,15:00:00,7.149346923828148
2022-03-01,16:00:00,6.728692626953148
2022-03-01,17:00:00,5.282403564453148
2022-03-01,18:00:00,4.885034179687523
2022-03-01,19:00:00,4.826226806640648
2022-03-01,20:00:00,4.360589599609398
2022-03-01,21:00:00,3.8744445800781477
2022-03-01,22:00:00,3.5309082031250227
2022-03-01,23:00:00,3.6935058593750227
