经度,120.3775,
纬度,36.0667,
开始时间,2022年02月01日 00时,
结束时间,2022年03月01日 23时,
时区,GMT+08:00,
数据源,欧洲中期天气中心,
,,
日期,时间,地面风速m/s
2022-02-01,00:00:00,7.32294422648792
2022-02-01,01:00:00,7.852911693223417
2022-02-01,02:00:00,8.122999836294378
2022-02-01,03:00:00,8.237442931199423
2022-02-01,04:00:00,8.234820018999306
2022-02-01,05:00:00,7.957849616318251
2022-02-01,06:00:00,7.963687958793469
2022-02-01,07:00:00,7.623125204690663
2022-02-01,08:00:00,6.953330927204581
2022-02-01,09:00:00,6.835410838347462
2022-02-01,10:00:00,6.417764446038879
2022-02-01,11:00:00,6.160176712414755
2022-02-01,12:00:00,5.867455366733504
2022-02-01,13:00:00,5.620566780593498
2022-02-01,14:00:00,5.511524439456982
2022-02-01,15:00:00,5.627665609712112
2022-02-01,16:00:00,5.707245669890647
2022-02-01,17:00:00,5.758433167076306
2022-02-01,18:00:00,6.248271091633324
2022-02-01,19:00:00,6.382489675342343
2022-02-01,20:00:00,5.6172184669592
2022-02-01,21:00:00,4.671852238752144
2022-02-01,22:00:00,4.26330500040769
2022-02-01,23:00:00,4.536222941798431
2022-02-02,00:00:00,4.555847489212037
2022-02-02,01:00:00,4.737531875034386
2022-02-02,02:00:00,5.155088493006308
2022-02-02,03:00:00,5.295292998192738
2022-02-02,04:00:00,4.923004325697431
2022-02-02,05:00:00,4.028187012900374
2022-02-02,06:00:00,3.8212785868120065
2022-02-02,07:00:00,3.4424189035575146
2022-02-02,08:00:00,3.3006437158331554
2022-02-02,09:00:00,2.8071105167500368
2022-02-02,10:00:00,2.4205283995519977
2022-02-02,11:00:00,2.5003526926224313
2022-02-02,12:00:00,2.0586006115266446
2022-02-02,13:00:00,1.2199657129843773
2022-02-02,14:00:00,0.1470153418041796
2022-02-02,15:00:00,1.0897567381339444
2022-02-02,16:00:00,2.1044877692119637
2022-02-02,17:00:00,2.925853279519915
2022-02-02,18:00:00,3.320178970417796
2022-02-02,19:00:00,3.3890670980973217
2022-02-02,20:00:00,3.122385103726965
2022-02-02,21:00:00,2.6582172240741806
2022-02-02,22:00:00,2.46857730186985
2022-02-02,23:00:00,2.529752141249789
2022-02-03,00:00:00,2.3877624424092785
2022-02-03,01:00:00,2.3062514838809456
2022-02-03,02:00:00,2.1933245065527855
2022-02-03,03:00:00,2.2517531528089316
2022-02-03,04:00:00,2.2664797253835762
2022-02-03,05:00:00,2.289373543491739
2022-02-03,06:00:00,1.9820019515327234
2022-02-03,07:00:00,2.1357072876921674
2022-02-03,08:00:00,2.0591249180315323
2022-02-03,09:00:00,1.8189097518912505
2022-02-03,10:00:00,1.6065532324634986
2022-02-03,11:00:00,1.5881984710810872
2022-02-03,12:00:00,1.7158316324852156
2022-02-03,13:00:00,2.0995601863866225
2022-02-03,14:00:00,2.6320831008361676
2022-02-03,15:00:00,2.802235230157625
2022-02-03,16:00:00,2.8006704622566083
2022-02-03,17:00:00,2.9842989044881554
2022-02-03,18:00:00,3.1407081731210065
2022-02-03,19:00:00,3.4523758427625064
2022-02-03,20:00:00,3.6136802533734826
2022-02-03,21:00:00,3.9524204364197164
2022-02-03,22:00:00,3.663318187495572
2022-02-03,23:00:00,3.0160977418376387
2022-02-04,00:00:00,2.9164564417902206
2022-02-04,01:00:00,3.67102647743135
2022-02-04,02:00:00,4.7698492448257905
2022-02-04,03:00:00,5.59090406133539
2022-02-04,04:00:00,5.993026555450967
2022-02-04,05:00:00,5.175992677061448
2022-02-04,06:00:00,5.209564247889542
2022-02-04,07:00:00,5.353588420707683
2022-02-04,08:00:00,5.682668111812094
2022-02-04,09:00:00,5.96919964657469
2022-02-04,10:00:00,5.719799337868676
2022-02-04,11:00:00,5.560909088003192
2022-02-04,12:00:00,6.094243311816737
2022-02-04,13:00:00,7.790383998864246
2022-02-04,14:00:00,9.14357130507943
2022-02-04,15:00:00,9.525037065324154
2022-02-04,16:00:00,9.395731429911443
2022-02-04,17:00:00,8.87774794769011
2022-02-04,18:00:00,9.218224358323448
2022-02-04,19:00:00,9.443418675930975
2022-02-04,20:00:00,9.461163378695291
2022-02-04,21:00:00,9.181911715347498
2022-02-04,22:00:00,8.550084505425264
2022-02-04,23:00:00,7.557468234965497
2022-02-05,00:00:00,7.043072234401586
2022-02-05,01:00:00,6.755359314655398
2022-02-05,02:00:00,6.775531021534235
2022-02-05,03:00:00,7.18926827940132
2022-02-05,04:00:00,7.4738493068319185
2022-02-05,05:00:00,7.746551013292091
2022-02-05,06:00:00,7.951105358010585
2022-02-05,07:00:00,8.55216134067078
2022-02-05,08:00:00,8.821006785666215
2022-02-05,09:00:00,8.847616924007545
2022-02-05,10:00:00,8.887725681859326
2022-02-05,11:00:00,8.536503645929828
2022-02-05,12:00:00,8.24337747440885
2022-02-05,13:00:00,8.250864066797286
2022-02-05,14:00:00,8.457087285513266
2022-02-05,15:00:00,8.448263279837928
2022-02-05,16:00:00,8.249080707892004
2022-02-05,17:00:00,7.255195375163756
2022-02-05,18:00:00,6.704479977368755
2022-02-05,19:00:00,5.935771008964692
2022-02-05,20:00:00,5.716800434176622
2022-02-05,21:00:00,5.579756895216959
2022-02-05,22:00:00,5.501849619370889
2022-02-05,23:00:00,5.818482080529678
2022-02-06,00:00:00,6.153523268255775
2022-02-06,01:00:00,6.057062405028712
2022-02-06,02:00:00,5.856095257104353
2022-02-06,03:00:00,5.51636680772232
2022-02-06,04:00:00,5.310679263104643
2022-02-06,05:00:00,5.274717845499013
2022-02-06,06:00:00,5.348837369255849
2022-02-06,07:00:00,5.605432324530614
2022-02-06,08:00:00,5.398979799032705
2022-02-06,09:00:00,5.678637679806826
2022-02-06,10:00:00,4.619295692699687
2022-02-06,11:00:00,4.22302346128837
2022-02-06,12:00:00,4.324482962698163
2022-02-06,13:00:00,4.301425658068093
2022-02-06,14:00:00,4.261241703421802
2022-02-06,15:00:00,4.493800012765122
2022-02-06,16:00:00,4.751871591958652
2022-02-06,17:00:00,4.532932025061257
2022-02-06,18:00:00,4.68154092168803
2022-02-06,19:00:00,4.468235053374009
2022-02-06,20:00:00,4.4886827255461315
2022-02-06,21:00:00,3.1428162767725567
2022-02-06,22:00:00,2.323387852910724
2022-02-06,23:00:00,2.847601232547898
2022-02-07,00:00:00,2.8861673704185065
2022-02-07,01:00:00,3.3110297322147413
2022-02-07,02:00:00,4.122058686939045
2022-02-07,03:00:00,3.5925432857933144
2022-02-07,04:00:00,3.019992651095586
2022-02-07,05:00:00,2.142650020399807
2022-02-07,06:00:00,1.731080648229891
2022-02-07,07:00:00,2.399567450394369
2022-02-07,08:00:00,2.5240776283614377
2022-02-07,09:00:00,2.3770166996875854
2022-02-07,10:00:00,2.338618505297897
2022-02-07,11:00:00,1.9150205332730559
2022-02-07,12:00:00,2.6344447971479314
2022-02-07,13:00:00,2.065069902633595
2022-02-07,14:00:00,1.2425034359562768
2022-02-07,15:00:00,1.1441154277857915
2022-02-07,16:00:00,1.0212527235984834
2022-02-07,17:00:00,1.5205232079422302
2022-02-07,18:00:00,1.868112663349296
2022-02-07,19:00:00,1.9063127253770569
2022-02-07,20:00:00,1.588768304760238
2022-02-07,21:00:00,0.5571101703548821
2022-02-07,22:00:00,0.36226569494204497
2022-02-07,23:00:00,1.353533513581296
2022-02-08,00:00:00,2.3375065986760193
2022-02-08,01:00:00,3.4293920341305486
2022-02-08,02:00:00,3.6556704535988103
2022-02-08,03:00:00,3.211880271966214
2022-02-08,04:00:00,2.750064855219483
2022-02-08,05:00:00,2.9204826438675675
2022-02-08,06:00:00,2.9088472873952056
2022-02-08,07:00:00,2.966570541683898
2022-02-08,08:00:00,2.661151266182933
2022-02-08,09:00:00,2.1271838952020863
2022-02-08,10:00:00,1.421657875038732
2022-02-08,11:00:00,1.521570538943193
2022-02-08,12:00:00,2.0076400939394405
2022-02-08,13:00:00,2.275942760972737
2022-02-08,14:00:00,2.5361778150691094
2022-02-08,15:00:00,2.4616992630169543
2022-02-08,16:00:00,2.27700214546115
2022-02-08,17:00:00,2.8780230574047314
2022-02-08,18:00:00,2.914649434106203
2022-02-08,19:00:00,3.3615897750850543
2022-02-08,20:00:00,3.971267751489275
2022-02-08,21:00:00,3.917627547008205
2022-02-08,22:00:00,3.652613949354454
2022-02-08,23:00:00,3.7047861887681623
2022-02-09,00:00:00,2.842922977135226
2022-02-09,01:00:00,2.1715894295024714
2022-02-09,02:00:00,2.083710203678839
2022-02-09,03:00:00,2.2817291839446354
2022-02-09,04:00:00,1.9723193654630031
2022-02-09,05:00:00,1.6640730489890345
2022-02-09,06:00:00,1.6688546269584703
2022-02-09,07:00:00,2.292334903059875
2022-02-09,08:00:00,2.6094834409676393
2022-02-09,09:00:00,2.9134786459306143
2022-02-09,10:00:00,3.4696602469616744
2022-02-09,11:00:00,4.045518615387483
2022-02-09,12:00:00,4.536274538313782
2022-02-09,13:00:00,4.898012836938281
2022-02-09,14:00:00,5.013393336925591
2022-02-09,15:00:00,5.085032465592024
2022-02-09,16:00:00,5.277102758610992
2022-02-09,17:00:00,4.768040260214739
2022-02-09,18:00:00,4.630655782186408
2022-02-09,19:00:00,4.730132904780359
2022-02-09,20:00:00,4.82179770017591
2022-02-09,21:00:00,4.769520316430632
2022-02-09,22:00:00,4.944516083450393
2022-02-09,23:00:00,4.912486168017916
2022-02-10,00:00:00,4.774552553920716
2022-02-10,01:00:00,4.521714090636355
2022-02-10,02:00:00,4.270472276669816
2022-02-10,03:00:00,4.188099996749633
2022-02-10,04:00:00,4.2627282495050975
2022-02-10,05:00:00,3.853636882917762
2022-02-10,06:00:00,3.86487938923593
2022-02-10,07:00:00,3.6120878189751613
2022-02-10,08:00:00,3.181699423455989
2022-02-10,09:00:00,2.6524463432438896
2022-02-10,10:00:00,1.9887459806312997
2022-02-10,11:00:00,1.7144800298154834
2022-02-10,12:00:00,2.1391390317723213
2022-02-10,13:00:00,3.335316823560286
2022-02-10,14:00:00,4.200621982564926
2022-02-10,15:00:00,4.304629359166533
2022-02-10,16:00:00,4.597861197469991
2022-02-10,17:00:00,3.5967184380322976
2022-02-10,18:00:00,3.439212568791208
2022-02-10,19:00:00,3.253967878079301
2022-02-10,20:00:00,3.5325650950474596
2022-02-10,21:00:00,3.5853870943322295
2022-02-10,22:00:00,3.3624733336214505
2022-02-10,23:00:00,3.2768062892243788
2022-02-11,00:00:00,3.413084348779775
2022-02-11,01:00:00,3.3879429082705363
2022-02-11,02:00:00,3.1375208759572497
2022-02-11,03:00:00,2.811134094550342
2022-02-11,04:00:00,2.3871932182717486
2022-02-11,05:00:00,0.9247360077824537
2022-02-11,06:00:00,0.44780972508601496
2022-02-11,07:00:00,0.7969617014981031
2022-02-11,08:00:00,0.6607666342752047
2022-02-11,09:00:00,0.1409068188263565
2022-02-11,10:00:00,0.37246295498815585
2022-02-11,11:00:00,1.288255333432706
2022-02-11,12:00:00,1.9521228767289858
2022-02-11,13:00:00,2.656338948886111
2022-02-11,14:00:00,3.129415712892573
2022-02-11,15:00:00,3.0434760431964722
2022-02-11,16:00:00,2.8669190401634292
2022-02-11,17:00:00,2.1304102797629665
2022-02-11,18:00:00,1.7584893986148311
2022-02-11,19:00:00,1.868388840554325
2022-02-11,20:00:00,2.0742856942920387
2022-02-11,21:00:00,1.3610950705799558
2022-02-11,22:00:00,0.3460823630630754
2022-02-11,23:00:00,1.8187984029333604
2022-02-12,00:00:00,2.2535906777536843
2022-02-12,01:00:00,2.3102121880696105
2022-02-12,02:00:00,2.0500724846929708
2022-02-12,03:00:00,2.08241497735884
2022-02-12,04:00:00,2.3469716449510734
2022-02-12,05:00:00,2.2276333973209366
2022-02-12,06:00:00,2.3708355187752184
2022-02-12,07:00:00,2.691885113432266
2022-02-12,08:00:00,2.7654734850195273
2022-02-12,09:00:00,2.7340553860725705
2022-02-12,10:00:00,2.63391826941249
2022-02-12,11:00:00,2.8700253233233077
2022-02-12,12:00:00,3.276134502715013
2022-02-12,13:00:00,3.6883725143212067
2022-02-12,14:00:00,3.8828238017694923
2022-02-12,15:00:00,3.698980894508274
2022-02-12,16:00:00,3.1520683530862272
2022-02-12,17:00:00,3.1261403847189513
2022-02-12,18:00:00,2.7580631217959652
2022-02-12,19:00:00,2.1750420071021
2022-02-12,20:00:00,1.6690765439197859
2022-02-12,21:00:00,1.011372711140893
2022-02-12,22:00:00,0.9095052528837386
2022-02-12,23:00:00,1.5256805372533049
2022-02-13,00:00:00,1.9851183669290544
2022-02-13,01:00:00,2.5884773677149924
2022-02-13,02:00:00,3.278326085792565
2022-02-13,03:00:00,4.084955377165985
2022-02-13,04:00:00,4.6598543100857315
2022-02-13,05:00:00,3.8268885690022723
2022-02-13,06:00:00,3.615240946610674
2022-02-13,07:00:00,3.848521057198911
2022-02-13,08:00:00,4.617436746137751
2022-02-13,09:00:00,4.075571050417777
2022-02-13,10:00:00,3.9355670800311677
2022-02-13,11:00:00,4.460437404396191
2022-02-13,12:00:00,4.343901851634768
2022-02-13,13:00:00,4.4414726560813955
2022-02-13,14:00:00,3.511673015906153
2022-02-13,15:00:00,3.340469849180997
2022-02-13,16:00:00,3.5043554473780203
2022-02-13,17:00:00,3.8579069996511324
2022-02-13,18:00:00,4.7031344832038515
2022-02-13,19:00:00,5.091767264547153
2022-02-13,20:00:00,4.463539071095281
2022-02-13,21:00:00,4.153350073879884
2022-02-13,22:00:00,4.42988820194921
2022-02-13,23:00:00,4.313328544871638
2022-02-14,00:00:00,4.377785876409353
2022-02-14,01:00:00,4.515937830487015
2022-02-14,02:00:00,4.7928054918646135
2022-02-14,03:00:00,5.242981280283559
2022-02-14,04:00:00,5.72859133721908
2022-02-14,05:00:00,6.451720342344429
2022-02-14,06:00:00,6.995232371304618
2022-02-14,07:00:00,7.412489430806998
2022-02-14,08:00:00,8.078608291394257
2022-02-14,09:00:00,8.15448970022865
2022-02-14,10:00:00,8.019420740225101
2022-02-14,11:00:00,8.200967711096185
2022-02-14,12:00:00,8.717539494274707
2022-02-14,13:00:00,8.734366387247588
2022-02-14,14:00:00,8.844630645753263
2022-02-14,15:00:00,8.850603614242978
2022-02-14,16:00:00,8.629843182862778
2022-02-14,17:00:00,8.721458893780454
2022-02-14,18:00:00,8.724364736696895
2022-02-14,19:00:00,8.680861212956222
2022-02-14,20:00:00,8.21539670819307
2022-02-14,21:00:00,8.028242909055681
2022-02-14,22:00:00,7.946032454987572
2022-02-14,23:00:00,7.655052898878112
2022-02-15,00:00:00,7.15123105630874
2022-02-15,01:00:00,6.793536615864454
2022-02-15,02:00:00,6.618256249562579
2022-02-15,03:00:00,6.000245603751468
2022-02-15,04:00:00,5.409971735277046
2022-02-15,05:00:00,5.823279049324286
2022-02-15,06:00:00,5.1845305744467645
2022-02-15,07:00:00,4.247523865053248
2022-02-15,08:00:00,3.283528113760936
2022-02-15,09:00:00,2.3787767802730357
2022-02-15,10:00:00,1.8366846360820757
2022-02-15,11:00:00,1.84803310989955
2022-02-15,12:00:00,2.1274827756344417
2022-02-15,13:00:00,1.6740019025201103
2022-02-15,14:00:00,1.0264058463355805
2022-02-15,15:00:00,1.4616133556641868
2022-02-15,16:00:00,2.002289843141716
2022-02-15,17:00:00,2.2771999239981566
2022-02-15,18:00:00,2.2409042695507764
2022-02-15,19:00:00,2.2396790983212607
2022-02-15,20:00:00,2.89620584052272
2022-02-15,21:00:00,3.7963744253852023
2022-02-15,22:00:00,4.527443544180864
2022-02-15,23:00:00,5.428119548719149
2022-02-16,00:00:00,6.1158602510882485
2022-02-16,01:00:00,6.302422867842198
2022-02-16,02:00:00,6.24312055500727
2022-02-16,03:00:00,6.2465911608744955
2022-02-16,04:00:00,6.346212832356359
2022-02-16,05:00:00,6.891098922441226
2022-02-16,06:00:00,6.559539367298561
2022-02-16,07:00:00,6.143806584501815
2022-02-16,08:00:00,5.985993878216508
2022-02-16,09:00:00,5.606012269311326
2022-02-16,10:00:00,4.932042015795478
2022-02-16,11:00:00,4.448270166387176
2022-02-16,12:00:00,4.836704391331106
2022-02-16,13:00:00,6.0529248642787365
2022-02-16,14:00:00,7.6142659775705495
2022-02-16,15:00:00,8.582131755487469
2022-02-16,16:00:00,8.889864964723909
2022-02-16,17:00:00,8.38395094699547
2022-02-16,18:00:00,8.176323748282535
2022-02-16,19:00:00,8.69276358946971
2022-02-16,20:00:00,8.832694117115329
2022-02-16,21:00:00,8.332627791023187
2022-02-16,22:00:00,8.092318335527933
2022-02-16,23:00:00,8.154850140895297
2022-02-17,00:00:00,8.074670906791457
2022-02-17,01:00:00,7.703855495489205
2022-02-17,02:00:00,7.571977500416839
2022-02-17,03:00:00,8.14874418056164
2022-02-17,04:00:00,8.317918379442382
2022-02-17,05:00:00,7.3985293351007755
2022-02-17,06:00:00,7.369900362058753
2022-02-17,07:00:00,7.293548751809889
2022-02-17,08:00:00,7.4119127615806875
2022-02-17,09:00:00,6.989322006400938
2022-02-17,10:00:00,5.919427409702206
2022-02-17,11:00:00,5.052096778753448
2022-02-17,12:00:00,4.3466906994938155
2022-02-17,13:00:00,4.299818772617034
2022-02-17,14:00:00,4.331735269104976
2022-02-17,15:00:00,4.1678915788575255
2022-02-17,16:00:00,3.7760881541407576
2022-02-17,17:00:00,3.308599463554819
2022-02-17,18:00:00,3.350010198646436
2022-02-17,19:00:00,3.2187260829354063
2022-02-17,20:00:00,2.8558809039645245
2022-02-17,21:00:00,2.214026954107646
2022-02-17,22:00:00,2.212464710297104
2022-02-17,23:00:00,2.361245688288484
2022-02-18,00:00:00,2.0947765633384936
2022-02-18,01:00:00,1.6462139373767946
2022-02-18,02:00:00,1.8215813776223038
2022-02-18,03:00:00,1.4968741303660302
2022-02-18,04:00:00,1.042163833844991
2022-02-18,05:00:00,0.13807273790723457
2022-02-18,06:00:00,1.028755312907183
2022-02-18,07:00:00,1.5046077087529242
2022-02-18,08:00:00,1.9584681368146635
2022-02-18,09:00:00,2.1367892168911817
2022-02-18,10:00:00,2.100257249275362
2022-02-18,11:00:00,2.196796063507214
2022-02-18,12:00:00,2.7576816222163276
2022-02-18,13:00:00,2.2915859607194786
2022-02-18,14:00:00,0.7601482715851592
2022-02-18,15:00:00,1.2201056544712379
2022-02-18,16:00:00,1.339256128049976
2022-02-18,17:00:00,0.7042332027265079
2022-02-18,18:00:00,0.7900649211830626
2022-02-18,19:00:00,0.7962081852515999
2022-02-18,20:00:00,1.8734202786565868
2022-02-18,21:00:00,3.8591341810854893
2022-02-18,22:00:00,5.1092944442577775
2022-02-18,23:00:00,6.076659083143314
2022-02-19,00:00:00,6.684098450974859
2022-02-19,01:00:00,6.678388184404073
2022-02-19,02:00:00,7.236202376794288
2022-02-19,03:00:00,8.042385963113523
2022-02-19,04:00:00,8.43361396619642
2022-02-19,05:00:00,9.232850970267483
2022-02-19,06:00:00,9.487560576793994
2022-02-19,07:00:00,9.851940364715974
2022-02-19,08:00:00,9.550548889829445
2022-02-19,09:00:00,8.989358173414333
2022-02-19,10:00:00,9.130747944474013
2022-02-19,11:00:00,10.043841699917802
2022-02-19,12:00:00,10.403054348762943
2022-02-19,13:00:00,10.497286931788201
2022-02-19,14:00:00,10.361890912963784
2022-02-19,15:00:00,10.262401633824782
2022-02-19,16:00:00,10.255443727832134
2022-02-19,17:00:00,9.663731982023135
2022-02-19,18:00:00,10.426483954581293
2022-02-19,19:00:00,10.095861341899305
2022-02-19,20:00:00,9.160385576713413
2022-02-19,21:00:00,7.646081198728464
2022-02-19,22:00:00,6.677023232782444
2022-02-19,23:00:00,6.823297350686708
2022-02-20,00:00:00,6.950431371959834
2022-02-20,01:00:00,6.961445356066264
2022-02-20,02:00:00,7.149553096930164
2022-02-20,03:00:00,7.515948532727557
2022-02-20,04:00:00,7.880479623904535
2022-02-20,05:00:00,7.981248348564984
2022-02-20,06:00:00,7.368822878029651
2022-02-20,07:00:00,6.9267761411629625
2022-02-20,08:00:00,5.888036294734409
2022-02-20,09:00:00,4.9781819198258335
2022-02-20,10:00:00,4.867744683173909
2022-02-20,11:00:00,5.282287555945831
2022-02-20,12:00:00,5.242433282476656
2022-02-20,13:00:00,5.003626026284212
2022-02-20,14:00:00,4.791208950864298
2022-02-20,15:00:00,4.3010076239633985
2022-02-20,16:00:00,3.686353922305906
2022-02-20,17:00:00,2.315373189172314
2022-02-20,18:00:00,3.4242774218635024
2022-02-20,19:00:00,4.131617567100427
2022-02-20,20:00:00,4.8146812555299725
2022-02-20,21:00:00,5.176354751222637
2022-02-20,22:00:00,5.291289841381233
2022-02-20,23:00:00,5.3617917582222745
2022-02-21,00:00:00,5.355225610516562
2022-02-21,01:00:00,5.464160459814209
2022-02-21,02:00:00,5.337056516219716
2022-02-21,03:00:00,4.663110320653207
2022-02-21,04:00:00,4.081596954971976
2022-02-21,05:00:00,4.188856377271649
2022-02-21,06:00:00,4.066972522673674
2022-02-21,07:00:00,5.158747115074885
2022-02-21,08:00:00,5.050610539231954
2022-02-21,09:00:00,4.168136967279443
2022-02-21,10:00:00,3.6856986362600495
2022-02-21,11:00:00,3.181029865718012
2022-02-21,12:00:00,2.457972146485795
2022-02-21,13:00:00,1.817933958062616
2022-02-21,14:00:00,1.1326240252206685
2022-02-21,15:00:00,0.8128814232320914
2022-02-21,16:00:00,1.5037827218763795
2022-02-21,17:00:00,2.203108782501792
2022-02-21,18:00:00,4.678355184716511
2022-02-21,19:00:00,6.014787003932247
2022-02-21,20:00:00,6.483923775418167
2022-02-21,21:00:00,6.638035644425212
2022-02-21,22:00:00,6.183064500621399
2022-02-21,23:00:00,5.76033274871091
2022-02-22,00:00:00,5.032780327854349
2022-02-22,01:00:00,3.6818029448740384
2022-02-22,02:00:00,2.49717272269688
2022-02-22,03:00:00,2.0456629053387148
2022-02-22,04:00:00,2.0790626907697733
2022-02-22,05:00:00,2.725936453385665
2022-02-22,06:00:00,3.3510804027239165
2022-02-22,07:00:00,5.220369872153273
2022-02-22,08:00:00,6.657710793558722
2022-02-22,09:00:00,6.809289272031339
2022-02-22,10:00:00,6.407090839378727
2022-02-22,11:00:00,5.904970772964955
2022-02-22,12:00:00,6.098184096221107
2022-02-22,13:00:00,6.9902989281608034
2022-02-22,14:00:00,7.624926920802863
2022-02-22,15:00:00,8.079956354174923
2022-02-22,16:00:00,8.561773274177073
2022-02-22,17:00:00,8.18756969732482
2022-02-22,18:00:00,8.526270284437778
2022-02-22,19:00:00,8.873986197479232
2022-02-22,20:00:00,8.851532261499605
2022-02-22,21:00:00,8.142483306155116
2022-02-22,22:00:00,8.067481348318479
2022-02-22,23:00:00,7.169081066585795
2022-02-23,00:00:00,6.875718779913805
2022-02-23,01:00:00,6.702318457809957
2022-02-23,02:00:00,6.050166900987298
2022-02-23,03:00:00,5.522781078152573
2022-02-23,04:00:00,4.731137239676886
2022-02-23,05:00:00,3.44097783340067
2022-02-23,06:00:00,2.904234133348943
2022-02-23,07:00:00,2.6171636151862905
2022-02-23,08:00:00,2.0801609204719145
2022-02-23,09:00:00,1.9521068868627496
2022-02-23,10:00:00,1.5454367677920262
2022-02-23,11:00:00,1.0868229522282067
2022-02-23,12:00:00,1.229042250869539
2022-02-23,13:00:00,1.917565199935018
2022-02-23,14:00:00,2.7391527096387915
2022-02-23,15:00:00,3.6090945123749045
2022-02-23,16:00:00,4.152966260349336
2022-02-23,17:00:00,4.487679748346739
2022-02-23,18:00:00,4.9530409465036
2022-02-23,19:00:00,5.131392406097691
2022-02-23,20:00:00,5.2087971721879045
2022-02-23,21:00:00,5.374723514282258
2022-02-23,22:00:00,5.529477272434338
2022-02-23,23:00:00,5.529896350979168
2022-02-24,00:00:00,5.63725567224958
2022-02-24,01:00:00,5.872054138049208
2022-02-24,02:00:00,6.034130053923842
2022-02-24,03:00:00,5.8017126456991885
2022-02-24,04:00:00,5.723980467275899
2022-02-24,05:00:00,5.284586772773507
2022-02-24,06:00:00,5.683524127001996
2022-02-24,07:00:00,6.0706750819016975
2022-02-24,08:00:00,6.202652791906198
2022-02-24,09:00:00,6.124266927346377
2022-02-24,10:00:00,6.199962331534469
2022-02-24,11:00:00,6.142829209785241
2022-02-24,12:00:00,6.147779688060032
2022-02-24,13:00:00,6.283114483220781
2022-02-24,14:00:00,6.489780360924077
2022-02-24,15:00:00,6.599654398513606
2022-02-24,16:00:00,6.534934329677934
2022-02-24,17:00:00,6.511106007119534
2022-02-24,18:00:00,6.4201761848000185
2022-02-24,19:00:00,6.4741508288754925
2022-02-24,20:00:00,6.643212176275901
2022-02-24,21:00:00,6.989427005177348
2022-02-24,22:00:00,7.484659411096924
2022-02-24,23:00:00,7.512389969978771
2022-02-25,00:00:00,7.377567361299912
2022-02-25,01:00:00,7.3191334480753305
2022-02-25,02:00:00,7.060922539210586
2022-02-25,03:00:00,6.682209876857147
2022-02-25,04:00:00,6.310044663963127
2022-02-25,05:00:00,5.31676460844948
2022-02-25,06:00:00,5.172569835042603
2022-02-25,07:00:00,5.428271943668994
2022-02-25,08:00:00,6.136832961582061
2022-02-25,09:00:00,6.5480443843106455
2022-02-25,10:00:00,7.01031113436227
2022-02-25,11:00:00,7.315953427451707
2022-02-25,12:00:00,7.896883610927906
2022-02-25,13:00:00,8.32607128892025
2022-02-25,14:00:00,8.411904825007628
2022-02-25,15:00:00,8.465357173190366
2022-02-25,16:00:00,8.541632050611925
2022-02-25,17:00:00,7.9173986474262215
2022-02-25,18:00:00,8.131069818976906
2022-02-25,19:00:00,8.032077861259737
2022-02-25,20:00:00,8.031387047079267
2022-02-25,21:00:00,8.059223505222283
2022-02-25,22:00:00,8.171199357220404
2022-02-25,23:00:00,8.331588744272917
2022-02-26,00:00:00,8.44889838587543
2022-02-26,01:00:00,8.366947680133768
2022-02-26,02:00:00,8.336326428732706
2022-02-26,03:00:00,8.220148609003477
2022-02-26,04:00:00,8.254336818786719
2022-02-26,05:00:00,8.193037160973894
2022-02-26,06:00:00,8.232813059200012
2022-02-26,07:00:00,8.159390802831503
2022-02-26,08:00:00,7.993767688571489
2022-02-26,09:00:00,7.3317138382041245
2022-02-26,10:00:00,6.230177231100581
2022-02-26,11:00:00,7.481761627999227
2022-02-26,12:00:00,9.96614873413514
2022-02-26,13:00:00,10.211738347704605
2022-02-26,14:00:00,9.558631723378026
2022-02-26,15:00:00,8.934208180043187
2022-02-26,16:00:00,8.02180930376906
2022-02-26,17:00:00,7.119890343157265
2022-02-26,18:00:00,5.832990148012653
2022-02-26,19:00:00,4.404120911119874
2022-02-26,20:00:00,3.0796999638653397
2022-02-26,21:00:00,2.34466330313143
2022-02-26,22:00:00,2.472631068947404
2022-02-26,23:00:00,2.704257126181879
2022-02-27,00:00:00,3.097688545264155
2022-02-27,01:00:00,3.352102561043826
2022-02-27,02:00:00,3.543401822227678
2022-02-27,03:00:00,3.927276165038328
2022-02-27,04:00:00,4.5586405711724245
2022-02-27,05:00:00,4.783824628007699
2022-02-27,06:00:00,5.321393528456421
2022-02-27,07:00:00,5.712041554192107
2022-02-27,08:00:00,6.340968494604038
2022-02-27,09:00:00,7.054598644725519
2022-02-27,10:00:00,7.457798025798868
2022-02-27,11:00:00,7.865568211408907
2022-02-27,12:00:00,7.652488026122533
2022-02-27,13:00:00,7.649729342916839
2022-02-27,14:00:00,7.527230596981511
2022-02-27,15:00:00,7.052579517129443
2022-02-27,16:00:00,6.9535160084457495
2022-02-27,17:00:00,6.713922246795144
2022-02-27,18:00:00,6.72498197511184
2022-02-27,19:00:00,6.65351567174985
2022-02-27,20:00:00,6.564848621070614
2022-02-27,21:00:00,6.593251928076223
2022-02-27,22:00:00,7.011141194307658
2022-02-27,23:00:00,7.249526851883684
2022-02-28,00:00:00,7.1995723560647775
2022-02-28,01:00:00,7.123774853331573
2022-02-28,02:00:00,6.319046252651743
2022-02-28,03:00:00,5.546865596061818
2022-02-28,04:00:00,5.792136931858517
2022-02-28,05:00:00,5.484142708123835
2022-02-28,06:00:00,6.134639223028904
2022-02-28,07:00:00,5.867493023354927
2022-02-28,08:00:00,5.626893620675584
2022-02-28,09:00:00,5.725851118341257
2022-02-28,10:00:00,5.4717957130970785
2022-02-28,11:00:00,5.719768249748638
2022-02-28,12:00:00,5.9083461658805705
2022-02-28,13:00:00,5.5739305072145955
2022-02-28,14:00:00,4.998968244300262
2022-02-28,15:00:00,4.450774724969896
2022-02-28,16:00:00,4.633677369518376
2022-02-28,17:00:00,4.881030642154111
2022-02-28,18:00:00,4.654135866156259
2022-02-28,19:00:00,4.106037444462554
2022-02-28,20:00:00,3.610273090904005
2022-02-28,21:00:00,3.155905704336849
2022-02-28,22:00:00,2.80135477542561
2022-02-28,23:00:00,2.8321985258749263
2022-03-01,00:00:00,3.4278688808170004
2022-03-01,01:00:00,4.417229142485348
2022-03-01,02:00:00,6.011442563917855
2022-03-01,03:00:00,8.898037494359553
2022-03-01,04:00:00,9.154585018892941
2022-03-01,05:00:00,9.695541145822812
2022-03-01,06:00:00,9.372887314317435
2022-03-01,07:00:00,9.454288880087828
2022-03-01,08:00:00,8.939824037332738
2022-03-01,09:00:00,8.647566505641171
2022-03-01,10:00:00,7.986610927822497
2022-03-01,11:00:00,7.270084291972618
2022-03-01,12:00:00,6.43033846403117
2022-03-01,13:00:00,5.694128726645746
2022-03-01,14:00:00,5.910981234200964
2022-03-01,15:00:00,6.167303388071814
2022-03-01,16:00:00,5.997450046810528
2022-03-01,17:00:00,4.9294045749014455
2022-03-01,18:00:00,3.8315627921037403
2022-03-01,19:00:00,2.7542906492818306
2022-03-01,20:00:00,1.6118230880629323
2022-03-01,21:00:00,1.176460913748888
2022-03-01,22:00:00,1.3257535071323672
2022-03-01,23:00:00,1.5009581376432832
