日期,时间,气温℃,地面风速m/s,
2021/12/1,0:00:00,3.525720215,NaN,
2021/12/1,1:00:00,3.421136475,NaN,
2021/12/1,2:00:00,3.333428955,NaN,
2021/12/1,3:00:00,3.204797363,NaN,
2021/12/1,4:00:00,3.212609863,NaN,
2021/12/1,5:00:00,3.573815918,NaN,
2021/12/1,6:00:00,3.473748779,NaN,
2021/12/1,7:00:00,3.419824219,NaN,
2021/12/1,8:00:00,3.660211182,NaN,
2021/12/1,9:00:00,5.0894104,NaN,
2021/12/1,10:00:00,5.677362061,NaN,
2021/12/1,11:00:00,6.319848633,NaN,
2021/12/1,12:00:00,6.948052979,NaN,
2021/12/1,13:00:00,7.060449219,NaN,
2021/12/1,14:00:00,7.074090576,NaN,
2021/12/1,15:00:00,6.574517822,NaN,
2021/12/1,16:00:00,6.259423828,NaN,
2021/12/1,17:00:00,5.046533203,NaN,
2021/12/1,18:00:00,4.916619873,NaN,
2021/12/1,19:00:00,5.748803711,NaN,
2021/12/1,20:00:00,5.692926025,NaN,
2021/12/1,21:00:00,4.60479126,NaN,
2021/12/1,22:00:00,4.299462891,NaN,
2021/12/1,23:00:00,4.586602783,NaN,
2021/12/2,0:00:00,4.675592041,NaN,
2021/12/2,1:00:00,4.927667236,NaN,
2021/12/2,2:00:00,5.063439941,NaN,
2021/12/2,3:00:00,4.965997314,NaN,
2021/12/2,4:00:00,4.928948975,NaN,
2021/12/2,5:00:00,5.558465576,NaN,
2021/12/2,6:00:00,5.660455322,NaN,
2021/12/2,7:00:00,5.835198975,NaN,
2021/12/2,8:00:00,6.05413208,NaN,
2021/12/2,9:00:00,7.324182129,NaN,
2021/12/2,10:00:00,7.684106445,NaN,
2021/12/2,11:00:00,8.040093994,NaN,
2021/12/2,12:00:00,8.927514648,NaN,
2021/12/2,13:00:00,9.273126221,NaN,
2021/12/2,14:00:00,9.512200928,NaN,
2021/12/2,15:00:00,9.278985596,NaN,
2021/12/2,16:00:00,9.243890381,NaN,
2021/12/2,17:00:00,8.632562256,NaN,
2021/12/2,18:00:00,8.348687744,NaN,
2021/12/2,19:00:00,8.025811768,NaN,
2021/12/2,20:00:00,7.676293945,NaN,
2021/12/2,21:00:00,6.955194092,NaN,
2021/12/2,22:00:00,6.577111816,NaN,
2021/12/2,23:00:00,6.464715576,NaN,
2021/12/3,0:00:00,6.33348999,NaN,
2021/12/3,1:00:00,6.247094727,NaN,
2021/12/3,2:00:00,6.063226318,NaN,
2021/12/3,3:00:00,5.766992188,NaN,
2021/12/3,4:00:00,5.674737549,NaN,
2021/12/3,5:00:00,5.947595215,NaN,
2021/12/3,6:00:00,5.783898926,NaN,
2021/12/3,7:00:00,5.716333008,NaN,
2021/12/3,8:00:00,6.045037842,NaN,
2021/12/3,9:00:00,7.753594971,NaN,
2021/12/3,10:00:00,7.916009521,NaN,
2021/12/3,11:00:00,8.016717529,NaN,
2021/12/3,12:00:00,8.431848145,NaN,
2021/12/3,13:00:00,8.670892334,NaN,
2021/12/3,14:00:00,8.985986328,NaN,
2021/12/3,15:00:00,8.667657471,NaN,
2021/12/3,16:00:00,8.512384033,NaN,
2021/12/3,17:00:00,8.234338379,NaN,
2021/12/3,18:00:00,8.56307373,NaN,
2021/12/3,19:00:00,8.658563232,NaN,
2021/12/3,20:00:00,8.605950928,NaN,
2021/12/3,21:00:00,8.050500488,NaN,
2021/12/3,22:00:00,7.722436523,NaN,
2021/12/3,23:00:00,7.404748535,NaN,
2021/12/4,0:00:00,6.983117676,NaN,
2021/12/4,1:00:00,6.719384766,NaN,
2021/12/4,2:00:00,6.498498535,NaN,
2021/12/4,3:00:00,6.139245605,NaN,
2021/12/4,4:00:00,6.029443359,NaN,
2021/12/4,5:00:00,6.595941162,NaN,
2021/12/4,6:00:00,6.481591797,NaN,
2021/12/4,7:00:00,6.831750488,NaN,
2021/12/4,8:00:00,7.097467041,NaN,
2021/12/4,9:00:00,9.269891357,NaN,
2021/12/4,10:00:00,9.909112549,NaN,
2021/12/4,11:00:00,10.37166748,NaN,
2021/12/4,12:00:00,11.23763428,NaN,
2021/12/4,13:00:00,11.54622803,NaN,
2021/12/4,14:00:00,11.70214233,NaN,
2021/12/4,15:00:00,11.02782593,NaN,
2021/12/4,16:00:00,10.3612915,NaN,
2021/12/4,17:00:00,9.348474121,NaN,
2021/12/4,18:00:00,9.464105225,NaN,
2021/12/4,19:00:00,9.684991455,NaN,
2021/12/4,20:00:00,9.88704834,NaN,
2021/12/4,21:00:00,9.754510498,NaN,
2021/12/4,22:00:00,9.712945557,NaN,
2021/12/4,23:00:00,9.720727539,NaN,
2021/12/5,0:00:00,9.339379883,NaN,
2021/12/5,1:00:00,9.327050781,NaN,
2021/12/5,2:00:00,9.241937256,NaN,
2021/12/5,3:00:00,9.002862549,NaN,
2021/12/5,4:00:00,8.834619141,NaN,
2021/12/5,5:00:00,9.217248535,NaN,
2021/12/5,6:00:00,9.056787109,NaN,
2021/12/5,7:00:00,9.192559814,NaN,
2021/12/5,8:00:00,9.547937012,NaN,
2021/12/5,9:00:00,11.48775635,NaN,
2021/12/5,10:00:00,11.66185913,NaN,
2021/12/5,11:00:00,11.70864258,NaN,
2021/12/5,12:00:00,12.13155518,NaN,
2021/12/5,13:00:00,12.06789551,NaN,
2021/12/5,14:00:00,11.99254761,NaN,
2021/12/5,15:00:00,11.36431274,NaN,
2021/12/5,16:00:00,11.27337036,NaN,
2021/12/5,17:00:00,10.55553589,NaN,
2021/12/5,18:00:00,10.64321289,NaN,
2021/12/5,19:00:00,10.69454346,NaN,
2021/12/5,20:00:00,10.79003296,NaN,
2021/12/5,21:00:00,10.64321289,NaN,
2021/12/5,22:00:00,10.74196777,NaN,
2021/12/5,23:00:00,10.76665649,NaN,
2021/12/6,0:00:00,10.58669434,NaN,
2021/12/6,1:00:00,10.44896851,NaN,
2021/12/6,2:00:00,10.35674438,NaN,
2021/12/6,3:00:00,9.798028564,NaN,
2021/12/6,4:00:00,9.380975342,NaN,
2021/12/6,5:00:00,9.496606445,NaN,
2021/12/6,6:00:00,9.319238281,NaN,
2021/12/6,7:00:00,9.113977051,NaN,
2021/12/6,8:00:00,8.971704102,NaN,
2021/12/6,9:00:00,10.30410156,NaN,
2021/12/6,10:00:00,10.47365723,NaN,
2021/12/6,11:00:00,10.76534424,NaN,
2021/12/6,12:00:00,11.37667236,NaN,
2021/12/6,13:00:00,11.62224731,NaN,
2021/12/6,14:00:00,11.65926514,NaN,
2021/12/6,15:00:00,10.83162842,NaN,
2021/12/6,16:00:00,10.33010254,NaN,
2021/12/6,17:00:00,9.402398682,NaN,
2021/12/6,18:00:00,8.805383301,NaN,
2021/12/6,19:00:00,8.264886475,NaN,
2021/12/6,20:00:00,7.842614746,NaN,
2021/12/6,21:00:00,7.430749512,NaN,
2021/12/6,22:00:00,7.105279541,NaN,
2021/12/6,23:00:00,6.978570557,NaN,
2021/12/7,0:00:00,6.407556152,NaN,
2021/12/7,1:00:00,6.217858887,NaN,
2021/12/7,2:00:00,6.037255859,NaN,
2021/12/7,3:00:00,5.609796143,NaN,
2021/12/7,4:00:00,5.381097412,NaN,
2021/12/7,5:00:00,5.387597656,NaN,
2021/12/7,6:00:00,5.206994629,NaN,
2021/12/7,7:00:00,5.109552002,NaN,
2021/12/7,8:00:00,5.296014404,NaN,
2021/12/7,9:00:00,6.719384766,NaN,
2021/12/7,10:00:00,7.122155762,NaN,
2021/12/7,11:00:00,7.549615479,NaN,
2021/12/7,12:00:00,8.357781982,NaN,
2021/12/7,13:00:00,8.802148438,NaN,
2021/12/7,14:00:00,9.206872559,NaN,
2021/12/7,15:00:00,8.712487793,NaN,
2021/12/7,16:00:00,8.539666748,NaN,
2021/12/7,17:00:00,7.779595947,NaN,
2021/12/7,18:00:00,7.756219482,NaN,
2021/12/7,19:00:00,7.336541748,NaN,
2021/12/7,20:00:00,6.904534912,NaN,
2021/12/7,21:00:00,6.233453369,NaN,
2021/12/7,22:00:00,5.938500977,NaN,
2021/12/7,23:00:00,5.864434814,NaN,
2021/12/8,0:00:00,5.560418701,NaN,
2021/12/8,1:00:00,5.807275391,NaN,
2021/12/8,2:00:00,5.524682617,NaN,
2021/12/8,3:00:00,5.106317139,NaN,
2021/12/8,4:00:00,5.026391602,NaN,
2021/12/8,5:00:00,6.460168457,NaN,
2021/12/8,6:00:00,6.475762939,NaN,
2021/12/8,7:00:00,6.05413208,NaN,
2021/12/8,8:00:00,6.305566406,NaN,
2021/12/8,9:00:00,8.110925293,NaN,
2021/12/8,10:00:00,8.527337646,NaN,
2021/12/8,11:00:00,8.899591064,NaN,
2021/12/8,12:00:00,9.495294189,NaN,
2021/12/8,13:00:00,9.683709717,NaN,
2021/12/8,14:00:00,9.811669922,NaN,
2021/12/8,15:00:00,9.606378174,NaN,
2021/12/8,16:00:00,9.675897217,NaN,
2021/12/8,17:00:00,9.015222168,NaN,
2021/12/8,18:00:00,9.265344238,NaN,
2021/12/8,19:00:00,9.545983887,NaN,
2021/12/8,20:00:00,9.694085693,NaN,
2021/12/8,21:00:00,9.98772583,NaN,
2021/12/8,22:00:00,10.1852356,NaN,
2021/12/8,23:00:00,10.35933838,NaN,
2021/12/9,0:00:00,10.23265991,NaN,
2021/12/9,1:00:00,10.30214844,NaN,
2021/12/9,2:00:00,10.06633911,NaN,
2021/12/9,3:00:00,9.624597168,NaN,
2021/12/9,4:00:00,9.629785156,NaN,
2021/12/9,5:00:00,10.07412109,NaN,
2021/12/9,6:00:00,10.24498901,NaN,
2021/12/9,7:00:00,10.67312012,NaN,
2021/12/9,8:00:00,10.73742065,NaN,
2021/12/9,9:00:00,10.95958862,NaN,
2021/12/9,10:00:00,10.6406189,NaN,
2021/12/9,11:00:00,10.71273193,NaN,
2021/12/9,12:00:00,11.19152222,NaN,
2021/12/9,13:00:00,11.30846558,NaN,
2021/12/9,14:00:00,11.37990723,NaN,
2021/12/9,15:00:00,11.03560791,NaN,
2021/12/9,16:00:00,10.84267578,NaN,
2021/12/9,17:00:00,10.40609131,NaN,
2021/12/9,18:00:00,10.26708374,NaN,
2021/12/9,19:00:00,9.922753906,NaN,
2021/12/9,20:00:00,9.659020996,NaN,
2021/12/9,21:00:00,9.013909912,NaN,
2021/12/9,22:00:00,8.583215332,NaN,
2021/12/9,23:00:00,8.223291016,NaN,
2021/12/10,0:00:00,7.725671387,NaN,
2021/12/10,1:00:00,7.537286377,NaN,
2021/12/10,2:00:00,7.262475586,NaN,
2021/12/10,3:00:00,6.909082031,NaN,
2021/12/10,4:00:00,6.768762207,NaN,
2021/12/10,5:00:00,6.029443359,NaN,
2021/12/10,6:00:00,5.606530762,NaN,
2021/12/10,7:00:00,5.305749512,NaN,
2021/12/10,8:00:00,5.274560547,NaN,
2021/12/10,9:00:00,6.63427124,NaN,
2021/12/10,10:00:00,7.296258545,NaN,
2021/12/10,11:00:00,8.289575195,NaN,
2021/12/10,12:00:00,9.340692139,NaN,
2021/12/10,13:00:00,9.942895508,NaN,
2021/12/10,14:00:00,10.43337402,NaN,
2021/12/10,15:00:00,10.25472412,NaN,
2021/12/10,16:00:00,10.3333374,NaN,
2021/12/10,17:00:00,9.034051514,NaN,
2021/12/10,18:00:00,8.7222229,NaN,
2021/12/10,19:00:00,8.328546143,NaN,
2021/12/10,20:00:00,7.916009521,NaN,
2021/12/10,21:00:00,7.35668335,NaN,
2021/12/10,22:00:00,7.100732422,NaN,
2021/12/10,23:00:00,6.77199707,NaN,
2021/12/11,0:00:00,6.316583252,NaN,
2021/12/11,1:00:00,6.30880127,NaN,
2021/12/11,2:00:00,6.277612305,NaN,
2021/12/11,3:00:00,6.349084473,NaN,
2021/12/11,4:00:00,6.39196167,NaN,
2021/12/11,5:00:00,6.152886963,NaN,
2021/12/11,6:00:00,6.233453369,NaN,
2021/12/11,7:00:00,6.268518066,NaN,
2021/12/11,8:00:00,6.32567749,NaN,
2021/12/11,9:00:00,7.364465332,NaN,
2021/12/11,10:00:00,8.12911377,NaN,
2021/12/11,11:00:00,8.724816895,NaN,
2021/12/11,12:00:00,9.3237854,NaN,
2021/12/11,13:00:00,9.570672607,NaN,
2021/12/11,14:00:00,9.712945557,NaN,
2021/12/11,15:00:00,9.561578369,NaN,
2021/12/11,16:00:00,9.614190674,NaN,
2021/12/11,17:00:00,8.802148438,NaN,
2021/12/11,18:00:00,8.666345215,NaN,
2021/12/11,19:00:00,8.439630127,NaN,
2021/12/11,20:00:00,8.322045898,NaN,
2021/12/11,21:00:00,8.201867676,NaN,
2021/12/11,22:00:00,8.309716797,NaN,
2021/12/11,23:00:00,8.212915039,NaN,
2021/12/12,0:00:00,7.663964844,NaN,
2021/12/12,1:00:00,7.37355957,NaN,
2021/12/12,2:00:00,7.125390625,NaN,
2021/12/12,3:00:00,6.586846924,NaN,
2021/12/12,4:00:00,6.119104004,NaN,
2021/12/12,5:00:00,6.572564697,NaN,
2021/12/12,6:00:00,6.375054932,NaN,
2021/12/12,7:00:00,6.143792725,NaN,
2021/12/12,8:00:00,6.037255859,NaN,
2021/12/12,9:00:00,6.236047363,NaN,
2021/12/12,10:00:00,6.25814209,NaN,
2021/12/12,11:00:00,6.296472168,NaN,
2021/12/12,12:00:00,6.239282227,NaN,
2021/12/12,13:00:00,6.136010742,NaN,
2021/12/12,14:00:00,5.842370605,NaN,
2021/12/12,15:00:00,4.865930176,NaN,
2021/12/12,16:00:00,4.413781738,NaN,
2021/12/12,17:00:00,3.343835449,NaN,
2021/12/12,18:00:00,2.942346191,NaN,
2021/12/12,19:00:00,2.558404541,NaN,
2021/12/12,20:00:00,2.283624268,NaN,
2021/12/12,21:00:00,1.718408203,NaN,
2021/12/12,22:00:00,1.446862793,NaN,
2021/12/12,23:00:00,1.120111084,NaN,
2021/12/13,0:00:00,0.693933105,NaN,
2021/12/13,1:00:00,0.457452393,NaN,
2021/12/13,2:00:00,0.269708252,NaN,
2021/12/13,3:00:00,-0.118109131,NaN,
2021/12/13,4:00:00,-0.244146729,NaN,
2021/12/13,5:00:00,-0.469580078,NaN,
2021/12/13,6:00:00,-0.554693604,NaN,
2021/12/13,7:00:00,-0.344854736,NaN,
2021/12/13,8:00:00,-0.179846191,NaN,
2021/12/13,9:00:00,1.062921143,NaN,
2021/12/13,10:00:00,1.374749756,NaN,
2021/12/13,11:00:00,1.774285889,NaN,
2021/12/13,12:00:00,2.641564941,NaN,
2021/12/13,13:00:00,3.072290039,NaN,
2021/12/13,14:00:00,3.445825195,NaN,
2021/12/13,15:00:00,3.333428955,NaN,
2021/12/13,16:00:00,3.343835449,NaN,
2021/12/13,17:00:00,3.532220459,NaN,
2021/12/13,18:00:00,3.973321533,NaN,
2021/12/13,19:00:00,4.390405273,NaN,
2021/12/13,20:00:00,4.828912354,NaN,
2021/12/13,21:00:00,5.229730225,NaN,
2021/12/13,22:00:00,5.580560303,NaN,
2021/12/13,23:00:00,5.804040527,NaN,
2021/12/14,0:00:00,6.094415283,NaN,
2021/12/14,1:00:00,6.169763184,NaN,
2021/12/14,2:00:00,6.263970947,NaN,
2021/12/14,3:00:00,6.452386475,NaN,
2021/12/14,4:00:00,6.425744629,NaN,
2021/12/14,5:00:00,6.88112793,NaN,
2021/12/14,6:00:00,7.064996338,NaN,
2021/12/14,7:00:00,7.092919922,NaN,
2021/12/14,8:00:00,7.234552002,NaN,
2021/12/14,9:00:00,8.194055176,NaN,
2021/12/14,10:00:00,8.394799805,NaN,
2021/12/14,11:00:00,8.626092529,NaN,
2021/12/14,12:00:00,9.421258545,NaN,
2021/12/14,13:00:00,9.643426514,NaN,
2021/12/14,14:00:00,9.890283203,NaN,
2021/12/14,15:00:00,9.899377441,NaN,
2021/12/14,16:00:00,10.5119873,NaN,
2021/12/14,17:00:00,9.703851318,NaN,
2021/12/14,18:00:00,9.691491699,NaN,
2021/12/14,19:00:00,9.564813232,NaN,
2021/12/14,20:00:00,9.49074707,NaN,
2021/12/14,21:00:00,8.911920166,NaN,
2021/12/14,22:00:00,8.623468018,NaN,
2021/12/14,23:00:00,8.299310303,NaN,
2021/12/15,0:00:00,7.700982666,NaN,
2021/12/15,1:00:00,7.185174561,NaN,
2021/12/15,2:00:00,6.756402588,NaN,
2021/12/15,3:00:00,6.077539063,NaN,
2021/12/15,4:00:00,5.773492432,NaN,
2021/12/15,5:00:00,5.458428955,NaN,
2021/12/15,6:00:00,5.281060791,NaN,
2021/12/15,7:00:00,5.376550293,NaN,
2021/12/15,8:00:00,5.546105957,NaN,
2021/12/15,9:00:00,7.491143799,NaN,
2021/12/15,10:00:00,7.984246826,NaN,
2021/12/15,11:00:00,8.448724365,NaN,
2021/12/15,12:00:00,9.332879639,NaN,
2021/12/15,13:00:00,9.577172852,NaN,
2021/12/15,14:00:00,9.772698975,NaN,
2021/12/15,15:00:00,9.455010986,NaN,
2021/12/15,16:00:00,9.163323975,NaN,
2021/12/15,17:00:00,8.309716797,NaN,
2021/12/15,18:00:00,8.453271484,NaN,
2021/12/15,19:00:00,8.731317139,NaN,
2021/12/15,20:00:00,8.907373047,NaN,
2021/12/15,21:00:00,8.817712402,NaN,
2021/12/15,22:00:00,8.8684021,NaN,
2021/12/15,23:00:00,8.798883057,NaN,
2021/12/16,0:00:00,8.817712402,NaN,
2021/12/16,1:00:00,8.772912598,NaN,
2021/12/16,2:00:00,8.300622559,NaN,
2021/12/16,3:00:00,7.497003174,NaN,
2021/12/16,4:00:00,7.256646729,NaN,
2021/12/16,5:00:00,7.608087158,NaN,
2021/12/16,6:00:00,7.419702148,NaN,
2021/12/16,7:00:00,7.103326416,NaN,
2021/12/16,8:00:00,7.117608643,NaN,
2021/12/16,9:00:00,8.50133667,NaN,
2021/12/16,10:00:00,9.199060059,NaN,
2021/12/16,11:00:00,9.438134766,NaN,
2021/12/16,12:00:00,9.246484375,NaN,
2021/12/16,13:00:00,9.032098389,NaN,
2021/12/16,14:00:00,8.797570801,NaN,
2021/12/16,15:00:00,7.933557129,NaN,
2021/12/16,16:00:00,7.227410889,NaN,
2021/12/16,17:00:00,6.765496826,NaN,
2021/12/16,18:00:00,6.358178711,NaN,
2021/12/16,19:00:00,5.88717041,NaN,
2021/12/16,20:00:00,5.356439209,NaN,
2021/12/16,21:00:00,4.334527588,NaN,
2021/12/16,22:00:00,3.757653809,NaN,
2021/12/16,23:00:00,3.182061768,NaN,
2021/12/17,0:00:00,2.40380249,NaN,
2021/12/17,1:00:00,2.033502197,NaN,
2021/12/17,2:00:00,1.743096924,NaN,
2021/12/17,3:00:00,1.229241943,NaN,
2021/12/17,4:00:00,0.976525879,NaN,
2021/12/17,5:00:00,0.723168945,NaN,
2021/12/17,6:00:00,0.818658447,NaN,
2021/12/17,7:00:00,0.732263184,NaN,
2021/12/17,8:00:00,0.42043457,NaN,
2021/12/17,9:00:00,0.28661499,NaN,
2021/12/17,10:00:00,-0.123968506,NaN,
2021/12/17,11:00:00,-0.374090576,NaN,
2021/12/17,12:00:00,-0.40982666,NaN,
2021/12/17,13:00:00,-0.377325439,NaN,
2021/12/17,14:00:00,-0.397467041,NaN,
2021/12/17,15:00:00,-0.780096436,NaN,
2021/12/17,16:00:00,-0.924963379,NaN,
2021/12/17,17:00:00,-1.592169189,NaN,
2021/12/17,18:00:00,-1.829290771,NaN,
2021/12/17,19:00:00,-1.96829834,NaN,
2021/12/17,20:00:00,-2.156713867,NaN,
2021/12/17,21:00:00,-2.485418701,NaN,
2021/12/17,22:00:00,-2.625738525,NaN,
2021/12/17,23:00:00,-2.687475586,NaN,
2021/12/18,0:00:00,-2.871313477,NaN,
2021/12/18,1:00:00,-2.917425537,NaN,
2021/12/18,2:00:00,-2.896002197,NaN,
2021/12/18,3:00:00,-2.87454834,NaN,
2021/12/18,4:00:00,-2.44385376,NaN,
2021/12/18,5:00:00,-1.755224609,NaN,
2021/12/18,6:00:00,-1.249151611,NaN,
2021/12/18,7:00:00,-0.635229492,NaN,
2021/12/18,8:00:00,0.008569336,NaN,
2021/12/18,9:00:00,1.674249268,NaN,
2021/12/18,10:00:00,2.230981445,NaN,
2021/12/18,11:00:00,2.598687744,NaN,
2021/12/18,12:00:00,3.692681885,NaN,
2021/12/18,13:00:00,4.326745605,NaN,
2021/12/18,14:00:00,4.893243408,NaN,
2021/12/18,15:00:00,4.912072754,NaN,
2021/12/18,16:00:00,4.886071777,NaN,
2021/12/18,17:00:00,4.436517334,NaN,
2021/12/18,18:00:00,4.313104248,NaN,
2021/12/18,19:00:00,3.91942749,NaN,
2021/12/18,20:00:00,3.61083374,NaN,
2021/12/18,21:00:00,2.891687012,NaN,
2021/12/18,22:00:00,2.555169678,NaN,
2021/12/18,23:00:00,2.344018555,NaN,
2021/12/19,0:00:00,2.138726807,NaN,
2021/12/19,1:00:00,2.271264648,NaN,
2021/12/19,2:00:00,2.410302734,NaN,
2021/12/19,3:00:00,2.51229248,NaN,
2021/12/19,4:00:00,2.757196045,NaN,
2021/12/19,5:00:00,4.083123779,NaN,
2021/12/19,6:00:00,4.632714844,NaN,
2021/12/19,7:00:00,5.135552979,NaN,
2021/12/19,8:00:00,5.560418701,NaN,
2021/12/19,9:00:00,7.253381348,NaN,
2021/12/19,10:00:00,7.350823975,NaN,
2021/12/19,11:00:00,7.378106689,NaN,
2021/12/19,12:00:00,8.177178955,NaN,
2021/12/19,13:00:00,8.430535889,NaN,
2021/12/19,14:00:00,8.587762451,NaN,
2021/12/19,15:00:00,8.157037354,NaN,
2021/12/19,16:00:00,8.095330811,NaN,
2021/12/19,17:00:00,7.433984375,NaN,
2021/12/19,18:00:00,7.474267578,NaN,
2021/12/19,19:00:00,7.534020996,NaN,
2021/12/19,20:00:00,7.612634277,NaN,
2021/12/19,21:00:00,7.467767334,NaN,
2021/12/19,22:00:00,7.412561035,NaN,
2021/12/19,23:00:00,7.204003906,NaN,
2021/12/20,0:00:00,6.848657227,NaN,
2021/12/20,1:00:00,6.546563721,NaN,
2021/12/20,2:00:00,6.310113525,NaN,
2021/12/20,3:00:00,5.805322266,NaN,
2021/12/20,4:00:00,5.831964111,NaN,
2021/12/20,5:00:00,6.050897217,NaN,
2021/12/20,6:00:00,6.022973633,NaN,
2021/12/20,7:00:00,6.095727539,NaN,
2021/12/20,8:00:00,6.351678467,NaN,
2021/12/20,9:00:00,8.214196777,NaN,
2021/12/20,10:00:00,8.564355469,NaN,
2021/12/20,11:00:00,9.03536377,NaN,
2021/12/20,12:00:00,10.19301758,NaN,
2021/12/20,13:00:00,10.84395752,NaN,
2021/12/20,14:00:00,11.24544678,NaN,
2021/12/20,15:00:00,10.63411865,NaN,
2021/12/20,16:00:00,10.16964111,NaN,
2021/12/20,17:00:00,9.238702393,NaN,
2021/12/20,18:00:00,9.134088135,NaN,
2021/12/20,19:00:00,8.800836182,NaN,
2021/12/20,20:00:00,8.309716797,NaN,
2021/12/20,21:00:00,7.443078613,NaN,
2021/12/20,22:00:00,6.961694336,NaN,
2021/12/20,23:00:00,6.711572266,NaN,
2021/12/21,0:00:00,5.794946289,NaN,
2021/12/21,1:00:00,5.325891113,NaN,
2021/12/21,2:00:00,5.044610596,NaN,
2021/12/21,3:00:00,4.697686768,NaN,
2021/12/21,4:00:00,4.612573242,NaN,
2021/12/21,5:00:00,4.74251709,NaN,
2021/12/21,6:00:00,4.509301758,NaN,
2021/12/21,7:00:00,4.571008301,NaN,
2021/12/21,8:00:00,4.87633667,NaN,
2021/12/21,9:00:00,7.336541748,NaN,
2021/12/21,10:00:00,8.005670166,NaN,
2021/12/21,11:00:00,8.474725342,NaN,
2021/12/21,12:00:00,9.286767578,NaN,
2021/12/21,13:00:00,9.488793945,NaN,
2021/12/21,14:00:00,9.538171387,NaN,
2021/12/21,15:00:00,8.967156982,NaN,
2021/12/21,16:00:00,8.86385498,NaN,
2021/12/21,17:00:00,8.181726074,NaN,
2021/12/21,18:00:00,8.297357178,NaN,
2021/12/21,19:00:00,8.319451904,NaN,
2021/12/21,20:00:00,8.206414795,NaN,
2021/12/21,21:00:00,7.807519531,NaN,
2021/12/21,22:00:00,7.589898682,NaN,
2021/12/21,23:00:00,7.59899292,NaN,
2021/12/22,0:00:00,7.359918213,NaN,
2021/12/22,1:00:00,7.433984375,NaN,
2021/12/22,2:00:00,7.51583252,NaN,
2021/12/22,3:00:00,7.375512695,NaN,
2021/12/22,4:00:00,7.387872314,NaN,
2021/12/22,5:00:00,7.956292725,NaN,
2021/12/22,6:00:00,8.314263916,NaN,
2021/12/22,7:00:00,8.502648926,NaN,
2021/12/22,8:00:00,8.853448486,NaN,
2021/12/22,9:00:00,10.42427979,NaN,
2021/12/22,10:00:00,10.61397705,NaN,
2021/12/22,11:00:00,10.53212891,NaN,
2021/12/22,12:00:00,10.8673645,NaN,
2021/12/22,13:00:00,10.85369263,NaN,
2021/12/22,14:00:00,10.82253418,NaN,
2021/12/22,15:00:00,10.27486572,NaN,
2021/12/22,16:00:00,10.08779297,NaN,
2021/12/22,17:00:00,8.979486084,NaN,
2021/12/22,18:00:00,8.941156006,NaN,
2021/12/22,19:00:00,8.772912598,NaN,
2021/12/22,20:00:00,8.743676758,NaN,
2021/12/22,21:00:00,8.325280762,NaN,
2021/12/22,22:00:00,8.044641113,NaN,
2021/12/22,23:00:00,7.556115723,NaN,
2021/12/23,0:00:00,6.930505371,NaN,
2021/12/23,1:00:00,6.473809814,NaN,
2021/12/23,2:00:00,6.173028564,NaN,
2021/12/23,3:00:00,5.941766357,NaN,
2021/12/23,4:00:00,5.850152588,NaN,
2021/12/23,5:00:00,5.643579102,NaN,
2021/12/23,6:00:00,5.685144043,NaN,
2021/12/23,7:00:00,5.737756348,NaN,
2021/12/23,8:00:00,5.872247314,NaN,
2021/12/23,9:00:00,7.027947998,NaN,
2021/12/23,10:00:00,7.582116699,NaN,
2021/12/23,11:00:00,8.160272217,NaN,
2021/12/23,12:00:00,8.854760742,NaN,
2021/12/23,13:00:00,9.209466553,NaN,
2021/12/23,14:00:00,9.376428223,NaN,
2021/12/23,15:00:00,9.29909668,NaN,
2021/12/23,16:00:00,9.246484375,NaN,
2021/12/23,17:00:00,7.975152588,NaN,
2021/12/23,18:00:00,7.719171143,NaN,
2021/12/23,19:00:00,7.443078613,NaN,
2021/12/23,20:00:00,7.194909668,NaN,
2021/12/23,21:00:00,6.507592773,NaN,
2021/12/23,22:00:00,5.989190674,NaN,
2021/12/23,23:00:00,5.364221191,NaN,
2021/12/24,0:00:00,4.433282471,NaN,
2021/12/24,1:00:00,3.732965088,NaN,
2021/12/24,2:00:00,3.069024658,NaN,
2021/12/24,3:00:00,2.084832764,NaN,
2021/12/24,4:00:00,1.246118164,NaN,
2021/12/24,5:00:00,0.545800781,NaN,
2021/12/24,6:00:00,0.020898438,NaN,
2021/12/24,7:00:00,-0.378637695,NaN,
2021/12/24,8:00:00,-0.721655273,NaN,
2021/12/24,9:00:00,-1.070501709,NaN,
2021/12/24,10:00:00,-1.154943848,NaN,
2021/12/24,11:00:00,-1.243292236,NaN,
2021/12/24,12:00:00,-1.434301758,NaN,
2021/12/24,13:00:00,-1.326452637,NaN,
2021/12/24,14:00:00,-1.429754639,NaN,
2021/12/24,15:00:00,-2.087194824,NaN,
2021/12/24,16:00:00,-2.580908203,NaN,
2021/12/24,17:00:00,-3.061010742,NaN,
2021/12/24,18:00:00,-3.24161377,NaN,
2021/12/24,19:00:00,-3.34229126,NaN,
2021/12/24,20:00:00,-3.445593262,NaN,
2021/12/24,21:00:00,-3.678808594,NaN,
2021/12/24,22:00:00,-3.752874756,NaN,
2021/12/24,23:00:00,-3.812658691,NaN,
2021/12/25,0:00:00,-4.041326904,NaN,
2021/12/25,1:00:00,-4.00559082,NaN,
2021/12/25,2:00:00,-4.024420166,NaN,
2021/12/25,3:00:00,-4.161505127,NaN,
2021/12/25,4:00:00,-4.160192871,NaN,
2021/12/25,5:00:00,-4.266729736,NaN,
2021/12/25,6:00:00,-4.229711914,NaN,
2021/12/25,7:00:00,-4.210882568,NaN,
2021/12/25,8:00:00,-4.11862793,NaN,
2021/12/25,9:00:00,-3.332556152,NaN,
2021/12/25,10:00:00,-2.9362854,NaN,
2021/12/25,11:00:00,-2.456182861,NaN,
2021/12/25,12:00:00,-2.120977783,NaN,
2021/12/25,13:00:00,-1.987158203,NaN,
2021/12/25,14:00:00,-2.091741943,NaN,
2021/12/25,15:00:00,-2.76932373,NaN,
2021/12/25,16:00:00,-3.283178711,NaN,
2021/12/25,17:00:00,-4.156958008,NaN,
2021/12/25,18:00:00,-4.544134521,NaN,
2021/12/25,19:00:00,-4.760473633,NaN,
2021/12/25,20:00:00,-4.828039551,NaN,
2021/12/25,21:00:00,-4.990454102,NaN,
2021/12/25,22:00:00,-5.050878906,NaN,
2021/12/25,23:00:00,-5.215887451,NaN,
2021/12/26,0:00:00,-5.516668701,NaN,
2021/12/26,1:00:00,-5.63425293,NaN,
2021/12/26,2:00:00,-5.836279297,NaN,
2021/12/26,3:00:00,-6.024694824,NaN,
2021/12/26,4:00:00,-6.064306641,NaN,
2021/12/26,5:00:00,-6.294287109,NaN,
2021/12/26,6:00:00,-6.203344727,NaN,
2021/12/26,7:00:00,-6.025976562,NaN,
2021/12/26,8:00:00,-5.720648193,NaN,
2021/12/26,9:00:00,-4.521398926,NaN,
2021/12/26,10:00:00,-4.070562744,NaN,
2021/12/26,11:00:00,-3.579412842,NaN,
2021/12/26,12:00:00,-2.780371094,NaN,
2021/12/26,13:00:00,-2.368475342,NaN,
2021/12/26,14:00:00,-2.132025146,NaN,
2021/12/26,15:00:00,-2.230749512,NaN,
2021/12/26,16:00:00,-2.263250732,NaN,
2021/12/26,17:00:00,-2.703039551,NaN,
2021/12/26,18:00:00,-2.760229492,NaN,
2021/12/26,19:00:00,-2.781652832,NaN,
2021/12/26,20:00:00,-2.753729248,NaN,
2021/12/26,21:00:00,-2.909643555,NaN,
2021/12/26,22:00:00,-2.962255859,NaN,
2021/12/26,23:00:00,-2.979162598,NaN,
2021/12/27,0:00:00,-3.023962402,NaN,
2021/12/27,1:00:00,-3.005773926,NaN,
2021/12/27,2:00:00,-2.909643555,NaN,
2021/12/27,3:00:00,-2.988897705,NaN,
2021/12/27,4:00:00,-2.865454102,NaN,
2021/12/27,5:00:00,-2.496466064,NaN,
2021/12/27,6:00:00,-2.30612793,NaN,
2021/12/27,7:00:00,-1.942327881,NaN,
2021/12/27,8:00:00,-1.364782715,NaN,
2021/12/27,9:00:00,0.573754883,NaN,
2021/12/27,10:00:00,1.434533691,NaN,
2021/12/27,11:00:00,2.127709961,NaN,
2021/12/27,12:00:00,3.36071167,NaN,
2021/12/27,13:00:00,3.86550293,NaN,
2021/12/27,14:00:00,4.233178711,NaN,
2021/12/27,15:00:00,3.805078125,NaN,
2021/12/27,16:00:00,3.597192383,NaN,
2021/12/27,17:00:00,3.115808105,NaN,
2021/12/27,18:00:00,3.163232422,NaN,
2021/12/27,19:00:00,2.845544434,NaN,
2021/12/27,20:00:00,2.43303833,NaN,
2021/12/27,21:00:00,1.830163574,NaN,
2021/12/27,22:00:00,1.572259521,NaN,
2021/12/27,23:00:00,1.461175537,NaN,
2021/12/28,0:00:00,1.170770264,NaN,
2021/12/28,1:00:00,1.118157959,NaN,
2021/12/28,2:00:00,0.851159668,NaN,
2021/12/28,3:00:00,0.51204834,NaN,
2021/12/28,4:00:00,0.516595459,NaN,
2021/12/28,5:00:00,0.74654541,NaN,
2021/12/28,6:00:00,0.899224854,NaN,
2021/12/28,7:00:00,1.133752441,NaN,
2021/12/28,8:00:00,1.531976318,NaN,
2021/12/28,9:00:00,3.323693848,NaN,
2021/12/28,10:00:00,3.598474121,NaN,
2021/12/28,11:00:00,3.794671631,NaN,
2021/12/28,12:00:00,4.285150146,NaN,
2021/12/28,13:00:00,4.40859375,NaN,
2021/12/28,14:00:00,4.448876953,NaN,
2021/12/28,15:00:00,4.089624023,NaN,
2021/12/28,16:00:00,4.482659912,NaN,
2021/12/28,17:00:00,4.268273926,NaN,
2021/12/28,18:00:00,4.12923584,NaN,
2021/12/28,19:00:00,3.985681152,NaN,
2021/12/28,20:00:00,3.83626709,NaN,
2021/12/28,21:00:00,3.404260254,NaN,
2021/12/28,22:00:00,3.124902344,NaN,
2021/12/28,23:00:00,2.911828613,NaN,
2021/12/29,0:00:00,2.494744873,NaN,
2021/12/29,1:00:00,2.286859131,NaN,
2021/12/29,2:00:00,2.054925537,NaN,
2021/12/29,3:00:00,1.633966064,NaN,
2021/12/29,4:00:00,1.357873535,NaN,
2021/12/29,5:00:00,1.354608154,NaN,
2021/12/29,6:00:00,1.187677002,NaN,
2021/12/29,7:00:00,1.079827881,NaN,
2021/12/29,8:00:00,0.991479492,NaN,
2021/12/29,9:00:00,2.101708984,NaN,
2021/12/29,10:00:00,2.648065186,NaN,
2021/12/29,11:00:00,3.373071289,NaN,
2021/12/29,12:00:00,4.361169434,NaN,
2021/12/29,13:00:00,4.623620605,NaN,
2021/12/29,14:00:00,4.519677734,NaN,
2021/12/29,15:00:00,3.642022705,NaN,
2021/12/29,16:00:00,3.228204346,NaN,
2021/12/29,17:00:00,1.913323975,NaN,
2021/12/29,18:00:00,1.354608154,NaN,
2021/12/29,19:00:00,0.821923828,NaN,
2021/12/29,20:00:00,0.547113037,NaN,
2021/12/29,21:00:00,0.073510742,NaN,
2021/12/29,22:00:00,-0.187628174,NaN,
2021/12/29,23:00:00,-0.327947998,NaN,
2021/12/30,0:00:00,-0.630041504,NaN,
2021/12/30,1:00:00,-0.554693604,NaN,
2021/12/30,2:00:00,-0.375372314,NaN,
2021/12/30,3:00:00,-0.395513916,NaN,
2021/12/30,4:00:00,-0.136297607,NaN,
2021/12/30,5:00:00,0.690698242,NaN,
2021/12/30,6:00:00,1.175317383,NaN,
2021/12/30,7:00:00,1.504052734,NaN,
2021/12/30,8:00:00,1.917871094,NaN,
2021/12/30,9:00:00,3.816125488,NaN,
2021/12/30,10:00:00,4.194207764,NaN,
2021/12/30,11:00:00,4.29619751,NaN,
2021/12/30,12:00:00,4.891931152,NaN,
2021/12/30,13:00:00,4.878289795,NaN,
2021/12/30,14:00:00,4.760705566,NaN,
2021/12/30,15:00:00,4.072076416,NaN,
2021/12/30,16:00:00,3.588098145,NaN,
2021/12/30,17:00:00,2.850091553,NaN,
2021/12/30,18:00:00,2.521386719,NaN,
2021/12/30,19:00:00,2.192651367,NaN,
2021/12/30,20:00:00,1.902276611,NaN,
2021/12/30,21:00:00,1.354608154,NaN,
2021/12/30,22:00:00,1.663201904,NaN,
2021/12/30,23:00:00,1.322137451,NaN,
2021/12/31,0:00:00,0.811517334,NaN,
2021/12/31,1:00:00,0.825158691,NaN,
2021/12/31,2:00:00,0.726403809,NaN,
2021/12/31,3:00:00,0.329492188,NaN,
2021/12/31,4:00:00,0.183312988,NaN,
2021/12/31,5:00:00,0.599725342,NaN,
2021/12/31,6:00:00,0.39574585,NaN,
2021/12/31,7:00:00,0.667932129,NaN,
2021/12/31,8:00:00,0.862176514,NaN,
2021/12/31,9:00:00,3.055383301,NaN,
2021/12/31,10:00:00,3.434777832,NaN,
2021/12/31,11:00:00,3.774530029,NaN,
2021/12/31,12:00:00,4.555413818,NaN,
2021/12/31,13:00:00,4.879571533,NaN,
2021/12/31,14:00:00,5.073815918,NaN,
2021/12/31,15:00:00,4.502801514,NaN,
2021/12/31,16:00:00,4.728204346,NaN,
2021/12/31,17:00:00,4.839318848,NaN,
2021/12/31,18:00:00,4.917901611,NaN,
2021/12/31,19:00:00,5.040063477,NaN,
2021/12/31,20:00:00,5.197259521,NaN,
2021/12/31,21:00:00,5.114099121,NaN,
2021/12/31,22:00:00,5.115411377,NaN,
2021/12/31,23:00:00,5.251824951,NaN,
2022/1/1,0:00:00,5.236230469,NaN,
2022/1/1,1:00:00,5.316156006,NaN,
2022/1/1,2:00:00,5.325891113,NaN,
2022/1/1,3:00:00,5.088128662,NaN,
2022/1/1,4:00:00,4.921166992,NaN,
2022/1/1,5:00:00,4.989373779,NaN,
2022/1/1,6:00:00,4.949090576,NaN,
2022/1/1,7:00:00,4.930566406,NaN,
2022/1/1,8:00:00,5.02489624,NaN,
2022/1/1,9:00:00,6.427331543,NaN,
2022/1/1,10:00:00,6.507806396,NaN,
2022/1/1,11:00:00,6.491693115,NaN,
2022/1/1,12:00:00,6.803613281,NaN,
2022/1/1,13:00:00,6.865197754,NaN,
2022/1/1,14:00:00,6.8918396,NaN,
2022/1/1,15:00:00,6.502801514,NaN,
2022/1/1,16:00:00,6.605462646,NaN,
2022/1/1,17:00:00,5.509393311,NaN,
2022/1/1,18:00:00,5.547692871,NaN,
2022/1/1,19:00:00,5.432244873,NaN,
2022/1/1,20:00:00,5.301843262,NaN,
2022/1/1,21:00:00,4.747979736,NaN,
2022/1/1,22:00:00,3.93215332,NaN,
2022/1/1,23:00:00,2.958154297,NaN,
2022/1/2,0:00:00,2.348809814,NaN,
2022/1/2,1:00:00,2.100183105,NaN,
2022/1/2,2:00:00,1.867089844,NaN,
2022/1/2,3:00:00,1.533532715,NaN,
2022/1/2,4:00:00,1.402581787,NaN,
2022/1/2,5:00:00,1.050164795,NaN,
2022/1/2,6:00:00,0.787103271,NaN,
2022/1/2,7:00:00,0.563989258,NaN,
2022/1/2,8:00:00,0.601739502,NaN,
2022/1/2,9:00:00,1.569055176,NaN,
2022/1/2,10:00:00,1.796594238,NaN,
2022/1/2,11:00:00,2.049127197,NaN,
2022/1/2,12:00:00,2.692346191,NaN,
2022/1/2,13:00:00,3.00423584,NaN,
2022/1/2,14:00:00,3.289483643,NaN,
2022/1/2,15:00:00,2.927636719,NaN,
2022/1/2,16:00:00,3.362756348,NaN,
2022/1/2,17:00:00,2.142358398,NaN,
2022/1/2,18:00:00,1.804376221,NaN,
2022/1/2,19:00:00,1.582940674,NaN,
2022/1/2,20:00:00,1.717248535,NaN,
2022/1/2,21:00:00,1.474176025,NaN,
2022/1/2,22:00:00,1.525231934,NaN,
2022/1/2,23:00:00,1.655084229,NaN,
2022/1/3,0:00:00,1.889825439,NaN,
2022/1/3,1:00:00,2.097406006,NaN,
2022/1/3,2:00:00,2.457025146,NaN,
2022/1/3,3:00:00,2.670678711,NaN,
2022/1/3,4:00:00,2.907678223,NaN,
2022/1/3,5:00:00,3.149072266,NaN,
2022/1/3,6:00:00,3.010339355,NaN,
2022/1/3,7:00:00,3.120782471,NaN,
2022/1/3,8:00:00,3.287835693,NaN,
2022/1/3,9:00:00,5.020471191,NaN,
2022/1/3,10:00:00,5.406732178,NaN,
2022/1/3,11:00:00,5.719171143,NaN,
2022/1/3,12:00:00,6.352410889,NaN,
2022/1/3,13:00:00,6.616571045,NaN,
2022/1/3,14:00:00,6.880731201,NaN,
2022/1/3,15:00:00,6.36184082,NaN,
2022/1/3,16:00:00,5.985009766,NaN,
2022/1/3,17:00:00,5.294061279,NaN,
2022/1/3,18:00:00,4.62142334,NaN,
2022/1/3,19:00:00,3.716271973,NaN,
2022/1/3,20:00:00,2.94262085,NaN,
2022/1/3,21:00:00,1.995294189,NaN,
2022/1/3,22:00:00,1.807702637,NaN,
2022/1/3,23:00:00,1.594598389,NaN,
2022/1/4,0:00:00,1.100671387,NaN,
2022/1/4,1:00:00,0.975793457,NaN,
2022/1/4,2:00:00,0.780450439,NaN,
2022/1/4,3:00:00,0.639489746,NaN,
2022/1/4,4:00:00,0.728814697,NaN,
2022/1/4,5:00:00,1.050714111,NaN,
2022/1/4,6:00:00,1.29934082,NaN,
2022/1/4,7:00:00,1.579614258,NaN,
2022/1/4,8:00:00,2.020257568,NaN,
2022/1/4,9:00:00,3.489282227,NaN,
2022/1/4,10:00:00,3.757897949,NaN,
2022/1/4,11:00:00,3.814508057,NaN,
2022/1/4,12:00:00,4.088098145,NaN,
2022/1/4,13:00:00,4.083093262,NaN,
2022/1/4,14:00:00,4.086450195,NaN,
2022/1/4,15:00:00,3.879418945,NaN,
2022/1/4,16:00:00,3.948815918,NaN,
2022/1/4,17:00:00,3.887200928,NaN,
2022/1/4,18:00:00,3.752893066,NaN,
2022/1/4,19:00:00,3.667993164,NaN,
2022/1/4,20:00:00,3.680200195,NaN,
2022/1/4,21:00:00,3.455987549,NaN,
2022/1/4,22:00:00,3.301141357,NaN,
2022/1/4,23:00:00,3.130761719,NaN,
2022/1/5,0:00:00,2.964837646,NaN,
2022/1/5,1:00:00,2.813317871,NaN,
2022/1/5,2:00:00,2.685113525,NaN,
2022/1/5,3:00:00,2.543054199,NaN,
2022/1/5,4:00:00,2.49755249,NaN,
2022/1/5,5:00:00,2.421502686,NaN,
2022/1/5,6:00:00,2.454797363,NaN,
2022/1/5,7:00:00,2.419854736,NaN,
2022/1/5,8:00:00,2.550805664,NaN,
2022/1/5,9:00:00,3.101922607,NaN,
2022/1/5,10:00:00,3.12911377,NaN,
2022/1/5,11:00:00,3.187921143,NaN,
2022/1/5,12:00:00,3.398828125,NaN,
2022/1/5,13:00:00,3.454858398,NaN,
2022/1/5,14:00:00,3.507592773,NaN,
2022/1/5,15:00:00,3.432672119,NaN,
2022/1/5,16:00:00,3.073052979,NaN,
2022/1/5,17:00:00,2.907098389,NaN,
2022/1/5,18:00:00,2.683465576,NaN,
2022/1/5,19:00:00,2.58135376,NaN,
2022/1/5,20:00:00,2.494775391,NaN,
2022/1/5,21:00:00,2.074639893,NaN,
2022/1/5,22:00:00,1.750543213,NaN,
2022/1/5,23:00:00,1.708917236,NaN,
2022/1/6,0:00:00,1.544641113,NaN,
2022/1/6,1:00:00,1.429772949,NaN,
2022/1/6,2:00:00,1.346520996,NaN,
2022/1/6,3:00:00,1.180566406,NaN,
2022/1/6,4:00:00,1.082910156,NaN,
2022/1/6,5:00:00,0.769891357,NaN,
2022/1/6,6:00:00,0.62947998,NaN,
2022/1/6,7:00:00,0.774346924,NaN,
2022/1/6,8:00:00,0.960809326,NaN,
2022/1/6,9:00:00,2.512536621,NaN,
2022/1/6,10:00:00,2.998132324,NaN,
2022/1/6,11:00:00,3.477075195,NaN,
2022/1/6,12:00:00,4.195214844,NaN,
2022/1/6,13:00:00,4.566491699,NaN,
2022/1/6,14:00:00,4.890588379,NaN,
2022/1/6,15:00:00,4.728540039,NaN,
2022/1/6,16:00:00,4.631433105,NaN,
2022/1/6,17:00:00,3.730126953,NaN,
2022/1/6,18:00:00,3.535913086,NaN,
2022/1/6,19:00:00,3.424890137,NaN,
2022/1/6,20:00:00,3.12911377,NaN,
2022/1/6,21:00:00,2.266107178,NaN,
2022/1/6,22:00:00,1.824914551,NaN,
2022/1/6,23:00:00,1.530755615,NaN,
2022/1/7,0:00:00,1.373712158,NaN,
2022/1/7,1:00:00,1.48470459,NaN,
2022/1/7,2:00:00,1.310449219,NaN,
2022/1/7,3:00:00,0.89586792,NaN,
2022/1/7,4:00:00,0.746575928,NaN,
2022/1/7,5:00:00,0.117791748,NaN,
2022/1/7,6:00:00,0.160546875,NaN,
2022/1/7,7:00:00,0.418054199,NaN,
2022/1/7,8:00:00,0.496850586,NaN,
2022/1/7,9:00:00,1.956445313,NaN,
2022/1/7,10:00:00,2.381555176,NaN,
2022/1/7,11:00:00,2.911004639,NaN,
2022/1/7,12:00:00,3.859460449,NaN,
2022/1/7,13:00:00,4.278466797,NaN,
2022/1/7,14:00:00,4.615899658,NaN,
2022/1/7,15:00:00,4.432733154,NaN,
2022/1/7,16:00:00,3.838372803,NaN,
2022/1/7,17:00:00,3.349420166,NaN,
2022/1/7,18:00:00,3.568078613,NaN,
2022/1/7,19:00:00,3.67019043,NaN,
2022/1/7,20:00:00,3.865014648,NaN,
2022/1/7,21:00:00,3.545343018,NaN,
2022/1/7,22:00:00,3.616937256,NaN,
2022/1/7,23:00:00,3.297265625,NaN,
2022/1/8,0:00:00,3.282281494,NaN,
2022/1/8,1:00:00,3.1440979,NaN,
2022/1/8,2:00:00,2.958734131,NaN,
2022/1/8,3:00:00,2.787805176,NaN,
2022/1/8,4:00:00,2.450372314,NaN,
2022/1/8,5:00:00,2.205072021,NaN,
2022/1/8,6:00:00,2.329949951,NaN,
2022/1/8,7:00:00,2.289971924,NaN,
2022/1/8,8:00:00,2.488671875,NaN,
2022/1/8,9:00:00,3.919946289,NaN,
2022/1/8,10:00:00,4.626428223,NaN,
2022/1/8,11:00:00,5.198602295,NaN,
2022/1/8,12:00:00,6.22310791,NaN,
2022/1/8,13:00:00,6.766412354,NaN,
2022/1/8,14:00:00,7.163232422,NaN,
2022/1/8,15:00:00,6.816918945,NaN,
2022/1/8,16:00:00,7.309747314,NaN,
2022/1/8,17:00:00,6.273614502,NaN,
2022/1/8,18:00:00,5.203057861,NaN,
2022/1/8,19:00:00,4.877282715,NaN,
2022/1/8,20:00:00,4.145806885,NaN,
2022/1/8,21:00:00,3.132989502,NaN,
2022/1/8,22:00:00,2.55803833,NaN,
2022/1/8,23:00:00,2.449243164,NaN,
2022/1/9,0:00:00,2.228936768,NaN,
2022/1/9,1:00:00,2.087426758,NaN,
2022/1/9,2:00:00,1.953668213,NaN,
2022/1/9,3:00:00,1.455285645,NaN,
2022/1/9,4:00:00,1.335412598,NaN,
2022/1/9,5:00:00,1.519128418,NaN,
2022/1/9,6:00:00,1.326531982,NaN,
2022/1/9,7:00:00,1.308221436,NaN,
2022/1/9,8:00:00,1.314324951,NaN,
2022/1/9,9:00:00,2.489221191,NaN,
2022/1/9,10:00:00,2.784448242,NaN,
2022/1/9,11:00:00,3.039758301,NaN,
2022/1/9,12:00:00,3.810601807,NaN,
2022/1/9,13:00:00,4.149163818,NaN,
2022/1/9,14:00:00,4.406091309,NaN,
2022/1/9,15:00:00,4.106958008,NaN,
2022/1/9,16:00:00,3.93493042,NaN,
2022/1/9,17:00:00,3.457086182,NaN,
2022/1/9,18:00:00,3.257287598,NaN,
2022/1/9,19:00:00,3.275048828,NaN,
2022/1/9,20:00:00,3.295037842,NaN,
2022/1/9,21:00:00,3.156854248,NaN,
2022/1/9,22:00:00,3.301141357,NaN,
2022/1/9,23:00:00,3.484857178,NaN,
2022/1/10,0:00:00,3.422143555,NaN,
2022/1/10,1:00:00,3.445428467,NaN,
2022/1/10,2:00:00,3.490960693,NaN,
2022/1/10,3:00:00,3.544793701,NaN,
2022/1/10,4:00:00,3.507043457,NaN,
2022/1/10,5:00:00,3.639672852,NaN,
2022/1/10,6:00:00,3.632470703,NaN,
2022/1/10,7:00:00,3.490960693,NaN,
2022/1/10,8:00:00,3.571984863,NaN,
2022/1/10,9:00:00,3.843927002,NaN,
2022/1/10,10:00:00,3.42824707,NaN,
2022/1/10,11:00:00,2.774468994,NaN,
2022/1/10,12:00:00,2.255578613,NaN,
2022/1/10,13:00:00,1.8265625,NaN,
2022/1/10,14:00:00,1.83046875,NaN,
2022/1/10,15:00:00,2.077416992,NaN,
2022/1/10,16:00:00,2.478662109,NaN,
2022/1/10,17:00:00,2.117944336,NaN,
2022/1/10,18:00:00,1.769403076,NaN,
2022/1/10,19:00:00,1.328759766,NaN,
2022/1/10,20:00:00,0.794885254,NaN,
2022/1/10,21:00:00,-0.062567139,NaN,
2022/1/10,22:00:00,-0.68024292,NaN,
2022/1/10,23:00:00,-1.226904297,NaN,
2022/1/11,0:00:00,-1.855688477,NaN,
2022/1/11,1:00:00,-1.963354492,NaN,
2022/1/11,2:00:00,-2.103765869,NaN,
2022/1/11,3:00:00,-2.356298828,NaN,
2022/1/11,4:00:00,-2.351843262,NaN,
2022/1/11,5:00:00,-2.467840576,NaN,
2022/1/11,6:00:00,-2.442877197,NaN,
2022/1/11,7:00:00,-2.495581055,NaN,
2022/1/11,8:00:00,-2.341314697,NaN,
2022/1/11,9:00:00,-1.187506104,NaN,
2022/1/11,10:00:00,-0.82010498,NaN,
2022/1/11,11:00:00,-0.346166992,NaN,
2022/1/11,12:00:00,0.687768555,NaN,
2022/1/11,13:00:00,1.178918457,NaN,
2022/1/11,14:00:00,1.561853027,NaN,
2022/1/11,15:00:00,1.581842041,NaN,
2022/1/11,16:00:00,1.123406982,NaN,
2022/1/11,17:00:00,0.312036133,NaN,
2022/1/11,18:00:00,0.154443359,NaN,
2022/1/11,19:00:00,-0.004309082,NaN,
2022/1/11,20:00:00,-0.184667969,NaN,
2022/1/11,21:00:00,-0.653051758,NaN,
2022/1/11,22:00:00,-0.733526611,NaN,
2022/1/11,23:00:00,-0.801794434,NaN,
2022/1/12,0:00:00,-0.896704102,NaN,
2022/1/12,1:00:00,-0.793463135,NaN,
2022/1/12,2:00:00,-0.566473389,NaN,
2022/1/12,3:00:00,-0.404425049,NaN,
2022/1/12,4:00:00,-0.169134521,NaN,
2022/1/12,5:00:00,0.455224609,NaN,
2022/1/12,6:00:00,1.174462891,NaN,
2022/1/12,7:00:00,1.259942627,NaN,
2022/1/12,8:00:00,1.883172607,NaN,
2022/1/12,9:00:00,3.181268311,NaN,
2022/1/12,10:00:00,3.193475342,NaN,
2022/1/12,11:00:00,3.174066162,NaN,
2022/1/12,12:00:00,3.463189697,NaN,
2022/1/12,13:00:00,3.696282959,NaN,
2022/1/12,14:00:00,3.872216797,NaN,
2022/1/12,15:00:00,3.662438965,NaN,
2022/1/12,16:00:00,3.526452637,NaN,
2022/1/12,17:00:00,2.533044434,NaN,
2022/1/12,18:00:00,2.279443359,NaN,
2022/1/12,19:00:00,1.971429443,NaN,
2022/1/12,20:00:00,1.510797119,NaN,
2022/1/12,21:00:00,0.89586792,NaN,
2022/1/12,22:00:00,0.57454834,NaN,
2022/1/12,23:00:00,0.178857422,NaN,
2022/1/13,0:00:00,-0.303991699,NaN,
2022/1/13,1:00:00,-0.512091064,NaN,
2022/1/13,2:00:00,-0.689703369,NaN,
2022/1/13,3:00:00,-1.317938232,NaN,
2022/1/13,4:00:00,-1.637579346,NaN,
2022/1/13,5:00:00,-1.603735352,NaN,
2022/1/13,6:00:00,-1.769689941,NaN,
2022/1/13,7:00:00,-1.825170898,NaN,
2022/1/13,8:00:00,-1.705847168,NaN,
2022/1/13,9:00:00,-0.770727539,NaN,
2022/1/13,10:00:00,-0.394445801,NaN,
2022/1/13,11:00:00,-0.049810791,NaN,
2022/1/13,12:00:00,0.577874756,NaN,
2022/1/13,13:00:00,0.921411133,NaN,
2022/1/13,14:00:00,1.125634766,NaN,
2022/1/13,15:00:00,0.916955566,NaN,
2022/1/13,16:00:00,0.658349609,NaN,
2022/1/13,17:00:00,-0.612005615,NaN,
2022/1/13,18:00:00,-0.860083008,NaN,
2022/1/13,19:00:00,-0.837316895,NaN,
2022/1/13,20:00:00,-0.642523193,NaN,
2022/1/13,21:00:00,-0.759069824,NaN,
2022/1/13,22:00:00,-1.099279785,NaN,
2022/1/13,23:00:00,-1.128118896,NaN,
2022/1/14,0:00:00,-1.277410889,NaN,
2022/1/14,1:00:00,-1.177526855,NaN,
2022/1/14,2:00:00,-0.949407959,NaN,
2022/1/14,3:00:00,-0.90112915,NaN,
2022/1/14,4:00:00,-0.669714355,NaN,
2022/1/14,5:00:00,-0.473242187,NaN,
2022/1/14,6:00:00,-0.212957764,NaN,
2022/1/14,7:00:00,0.563989258,NaN,
2022/1/14,8:00:00,1.20333252,NaN,
2022/1/14,9:00:00,2.835534668,NaN,
2022/1/14,10:00:00,3.040307617,NaN,
2022/1/14,11:00:00,3.159631348,NaN,
2022/1/14,12:00:00,3.555871582,NaN,
2022/1/14,13:00:00,3.595849609,NaN,
2022/1/14,14:00:00,3.507592773,NaN,
2022/1/14,15:00:00,3.2484375,NaN,
2022/1/14,16:00:00,3.265618896,NaN,
2022/1/14,17:00:00,3.136315918,NaN,
2022/1/14,18:00:00,3.245080566,NaN,
2022/1/14,19:00:00,3.488183594,NaN,
2022/1/14,20:00:00,3.482629395,NaN,
2022/1/14,21:00:00,3.143518066,NaN,
2022/1/14,22:00:00,3.027001953,NaN,
2022/1/14,23:00:00,2.909326172,NaN,
2022/1/15,0:00:00,2.635186768,NaN,
2022/1/15,1:00:00,2.508630371,NaN,
2022/1/15,2:00:00,2.312738037,NaN,
2022/1/15,3:00:00,2.062432861,NaN,
2022/1/15,4:00:00,2.056329346,NaN,
2022/1/15,5:00:00,1.969750977,NaN,
2022/1/15,6:00:00,1.916467285,NaN,
2022/1/15,7:00:00,1.939782715,NaN,
2022/1/15,8:00:00,2.118493652,NaN,
2022/1/15,9:00:00,3.247857666,NaN,
2022/1/15,10:00:00,3.559197998,NaN,
2022/1/15,11:00:00,3.990441895,NaN,
2022/1/15,12:00:00,4.939447021,NaN,
2022/1/15,13:00:00,5.503289795,NaN,
2022/1/15,14:00:00,6.007226563,NaN,
2022/1/15,15:00:00,5.96114502,NaN,
2022/1/15,16:00:00,5.806878662,NaN,
2022/1/15,17:00:00,4.654168701,NaN,
2022/1/15,18:00:00,3.543664551,NaN,
2022/1/15,19:00:00,2.521966553,NaN,
2022/1/15,20:00:00,1.922570801,NaN,
2022/1/15,21:00:00,1.426446533,NaN,
2022/1/15,22:00:00,1.257165527,NaN,
2022/1/15,23:00:00,1.013543701,NaN,
2022/1/15,0:00:00,2.635186768,NaN,
2022/1/15,1:00:00,2.508630371,NaN,
2022/1/15,2:00:00,2.312738037,NaN,
2022/1/15,3:00:00,2.062432861,NaN,
2022/1/15,4:00:00,2.056329346,NaN,
2022/1/15,5:00:00,1.969750977,NaN,
2022/1/15,6:00:00,1.916467285,NaN,
2022/1/15,7:00:00,1.939782715,NaN,
2022/1/15,8:00:00,2.118493652,NaN,
2022/1/15,9:00:00,3.247857666,NaN,
2022/1/15,10:00:00,3.559197998,NaN,
2022/1/15,11:00:00,3.990441895,NaN,
2022/1/15,12:00:00,4.939447021,NaN,
2022/1/15,13:00:00,5.503289795,NaN,
2022/1/15,14:00:00,6.007226563,NaN,
2022/1/15,15:00:00,5.96114502,NaN,
2022/1/15,16:00:00,5.806878662,NaN,
2022/1/15,17:00:00,4.654168701,NaN,
2022/1/15,18:00:00,3.543664551,NaN,
2022/1/15,19:00:00,2.521966553,NaN,
2022/1/15,20:00:00,1.922570801,NaN,
2022/1/15,21:00:00,1.426446533,NaN,
2022/1/15,22:00:00,1.257165527,NaN,
2022/1/15,23:00:00,1.013543701,NaN,
2022/1/16,0:00:00,0.494622803,NaN,
2022/1/16,1:00:00,0.275964355,NaN,
2022/1/16,2:00:00,0.101708984,NaN,
2022/1/16,3:00:00,-0.35892334,NaN,
2022/1/16,4:00:00,-0.531530762,NaN,
2022/1/16,5:00:00,-0.770178223,NaN,
2022/1/16,6:00:00,-0.916662598,NaN,
2022/1/16,7:00:00,-0.714666748,NaN,
2022/1/16,8:00:00,-0.527624512,NaN,
2022/1/16,9:00:00,0.6184021,NaN,
2022/1/16,10:00:00,0.77376709,NaN,
2022/1/16,11:00:00,0.959710693,NaN,
2022/1/16,12:00:00,1.472497559,NaN,
2022/1/16,13:00:00,1.7222229,NaN,
2022/1/16,14:00:00,1.94588623,NaN,
2022/1/16,15:00:00,1.792169189,NaN,
2022/1/16,16:00:00,1.545739746,NaN,
2022/1/16,17:00:00,1.034051514,NaN,
2022/1/16,18:00:00,1.200006104,NaN,
2022/1/16,19:00:00,1.310998535,NaN,
2022/1/16,20:00:00,1.475274658,NaN,
2022/1/16,21:00:00,1.379815674,NaN,
2022/1/16,22:00:00,1.42699585,NaN,
2022/1/16,23:00:00,1.56685791,NaN,
2022/1/17,0:00:00,1.644555664,NaN,
2022/1/17,1:00:00,1.8237854,NaN,
2022/1/17,2:00:00,1.935357666,NaN,
2022/1/17,3:00:00,2.082971191,NaN,
2022/1/17,4:00:00,2.302178955,NaN,
2022/1/17,5:00:00,2.298852539,NaN,
2022/1/17,6:00:00,2.160668945,NaN,
2022/1/17,7:00:00,1.747766113,NaN,
2022/1/17,8:00:00,1.329309082,NaN,
2022/1/17,9:00:00,2.368798828,NaN,
2022/1/17,10:00:00,2.705651855,NaN,
2022/1/17,11:00:00,3.194604492,NaN,
2022/1/17,12:00:00,3.961572266,NaN,
2022/1/17,13:00:00,4.21630249,NaN,
2022/1/17,14:00:00,4.234063721,NaN,
2022/1/17,15:00:00,3.575311279,NaN,
2022/1/17,16:00:00,3.089685059,NaN,
2022/1/17,17:00:00,1.813806152,NaN,
2022/1/17,18:00:00,1.227197266,NaN,
2022/1/17,19:00:00,0.672235107,NaN,
2022/1/17,20:00:00,0.302056885,NaN,
2022/1/17,21:00:00,-0.200201416,NaN,
2022/1/17,22:00:00,0.252648926,NaN,
2022/1/17,23:00:00,0.482965088,NaN,
2022/1/18,0:00:00,0.505181885,NaN,
2022/1/18,1:00:00,0.664453125,NaN,
2022/1/18,2:00:00,0.803186035,NaN,
2022/1/18,3:00:00,0.816522217,NaN,
2022/1/18,4:00:00,0.926385498,NaN,
2022/1/18,5:00:00,1.34597168,NaN,
2022/1/18,6:00:00,1.210534668,NaN,
2022/1/18,7:00:00,2.034143066,NaN,
2022/1/18,8:00:00,2.588006592,NaN,
2022/1/18,9:00:00,4.424981689,NaN,
2022/1/18,10:00:00,4.70357666,NaN,
2022/1/18,11:00:00,4.818994141,NaN,
2022/1/18,12:00:00,5.27074585,NaN,
2022/1/18,13:00:00,5.329034424,NaN,
2022/1/18,14:00:00,5.088739014,NaN,
2022/1/18,15:00:00,4.695245361,NaN,
2022/1/18,16:00:00,4.678033447,NaN,
2022/1/18,17:00:00,4.101434326,NaN,
2022/1/18,18:00:00,3.950463867,NaN,
2022/1/18,19:00:00,4.128076172,NaN,
2022/1/18,20:00:00,4.408319092,NaN,
2022/1/18,21:00:00,4.6625,NaN,
2022/1/18,22:00:00,4.666955566,NaN,
2022/1/18,23:00:00,4.842858887,NaN,
2022/1/19,0:00:00,4.922235107,NaN,
2022/1/19,1:00:00,4.999383545,NaN,
2022/1/19,2:00:00,4.74352417,NaN,
2022/1/19,3:00:00,4.469384766,NaN,
2022/1/19,4:00:00,4.383905029,NaN,
2022/1/19,5:00:00,2.823876953,NaN,
2022/1/19,6:00:00,2.373773193,NaN,
2022/1/19,7:00:00,2.150689697,NaN,
2022/1/19,8:00:00,2.218927002,NaN,
2022/1/19,9:00:00,2.624078369,NaN,
2022/1/19,10:00:00,2.636834717,NaN,
2022/1/19,11:00:00,2.868249512,NaN,
2022/1/19,12:00:00,2.930963135,NaN,
2022/1/19,13:00:00,2.9409729,NaN,
2022/1/19,14:00:00,2.767266846,NaN,
2022/1/19,15:00:00,1.920373535,NaN,
2022/1/19,16:00:00,1.095666504,NaN,
2022/1/19,17:00:00,-0.652502441,NaN,
2022/1/19,18:00:00,-1.585974121,NaN,
2022/1/19,19:00:00,-2.235845947,NaN,
2022/1/19,20:00:00,-2.679296875,NaN,
2022/1/19,21:00:00,-3.138250732,NaN,
2022/1/19,22:00:00,-3.300299072,NaN,
2022/1/19,23:00:00,-3.368566895,NaN,
2022/1/20,0:00:00,-3.642736816,NaN,
2022/1/20,1:00:00,-3.679907227,NaN,
2022/1/20,2:00:00,-3.73984375,NaN,
2022/1/20,3:00:00,-3.904669189,NaN,
2022/1/20,4:00:00,-3.894689941,NaN,
2022/1/20,5:00:00,-3.851934814,NaN,
2022/1/20,6:00:00,-3.752600098,NaN,
2022/1/20,7:00:00,-3.61496582,NaN,
2022/1/20,8:00:00,-3.384649658,NaN,
2022/1/20,9:00:00,-2.354071045,NaN,
2022/1/20,10:00:00,-2.0171875,NaN,
2022/1/20,11:00:00,-1.743048096,NaN,
2022/1/20,12:00:00,-0.988256836,NaN,
2022/1/20,13:00:00,-0.589788818,NaN,
2022/1/20,14:00:00,-0.164129639,NaN,
2022/1/20,15:00:00,-0.025946045,NaN,
2022/1/20,16:00:00,0.129449463,NaN,
2022/1/20,17:00:00,0.117791748,NaN,
2022/1/20,18:00:00,-0.261816406,NaN,
2022/1/20,19:00:00,-0.473242187,NaN,
2022/1/20,20:00:00,-0.427191162,NaN,
2022/1/20,21:00:00,-0.773504639,NaN,
2022/1/20,22:00:00,-0.940527344,NaN,
2022/1/20,23:00:00,-1.113134766,NaN,
2022/1/21,0:00:00,-1.357336426,NaN,
2022/1/21,1:00:00,-1.468328857,NaN,
2022/1/21,2:00:00,-1.507177734,NaN,
2022/1/21,3:00:00,-1.653692627,NaN,
2022/1/21,4:00:00,-1.760229492,NaN,
2022/1/21,5:00:00,-1.061529541,NaN,
2022/1/21,6:00:00,-1.025457764,NaN,
2022/1/21,7:00:00,-0.949987793,NaN,
2022/1/21,8:00:00,-0.626409912,NaN,
2022/1/21,9:00:00,0.678887939,NaN,
2022/1/21,10:00:00,0.981347656,NaN,
2022/1/21,11:00:00,1.127313232,NaN,
2022/1/21,12:00:00,1.633447266,NaN,
2022/1/21,13:00:00,1.741662598,NaN,
2022/1/21,14:00:00,1.848779297,NaN,
2022/1/21,15:00:00,1.643426514,NaN,
2022/1/21,16:00:00,1.600152588,NaN,
2022/1/21,17:00:00,1.54519043,NaN,
2022/1/21,18:00:00,1.70836792,NaN,
2022/1/21,19:00:00,1.815484619,NaN,
2022/1/21,20:00:00,2.008050537,NaN,
2022/1/21,21:00:00,1.993066406,NaN,
2022/1/21,22:00:00,2.281091309,NaN,
2022/1/21,23:00:00,2.575799561,NaN,
2022/1/22,0:00:00,2.382104492,NaN,
2022/1/22,1:00:00,2.424279785,NaN,
2022/1/22,2:00:00,2.589105225,NaN,
2022/1/22,3:00:00,2.427056885,NaN,
2022/1/22,4:00:00,2.429833984,NaN,
2022/1/22,5:00:00,2.96315918,NaN,
2022/1/22,6:00:00,3.112451172,NaN,
2022/1/22,7:00:00,3.383843994,NaN,
2022/1/22,8:00:00,3.574182129,NaN,
2022/1/22,9:00:00,4.413323975,NaN,
2022/1/22,10:00:00,4.451623535,NaN,
2022/1/22,11:00:00,4.388330078,NaN,
2022/1/22,12:00:00,4.40166626,NaN,
2022/1/22,13:00:00,4.177453613,NaN,
2022/1/22,14:00:00,3.957116699,NaN,
2022/1/22,15:00:00,3.568658447,NaN,
2022/1/22,16:00:00,3.422143555,NaN,
2022/1/22,17:00:00,3.392724609,NaN,
2022/1/22,18:00:00,3.360528564,NaN,
2022/1/22,19:00:00,3.272271729,NaN,
2022/1/22,20:00:00,3.096368408,NaN,
2022/1/22,21:00:00,2.852716064,NaN,
2022/1/22,22:00:00,2.649041748,NaN,
2022/1/22,23:00:00,2.467004395,NaN,
2022/1/23,0:00:00,2.225061035,NaN,
2022/1/23,1:00:00,2.040246582,NaN,
2022/1/23,2:00:00,1.780511475,NaN,
2022/1/23,3:00:00,1.631219482,NaN,
2022/1/23,4:00:00,1.570733643,NaN,
2022/1/23,5:00:00,1.579614258,NaN,
2022/1/23,6:00:00,1.633996582,NaN,
2022/1/23,7:00:00,1.706140137,NaN,
2022/1/23,8:00:00,1.747766113,NaN,
2022/1/23,9:00:00,1.823236084,NaN,
2022/1/23,10:00:00,1.874841309,NaN,
2022/1/23,11:00:00,2.004724121,NaN,
2022/1/23,12:00:00,2.567468262,NaN,
2022/1/23,13:00:00,3.164056396,NaN,
2022/1/23,14:00:00,3.562524414,NaN,
2022/1/23,15:00:00,3.30892334,NaN,
2022/1/23,16:00:00,2.877709961,NaN,
2022/1/23,17:00:00,1.42699585,NaN,
2022/1/23,18:00:00,0.456903076,NaN,
2022/1/23,19:00:00,-0.224066162,NaN,
2022/1/23,20:00:00,-0.656958008,NaN,
2022/1/23,21:00:00,-0.856176758,NaN,
2022/1/23,22:00:00,-0.891699219,NaN,
2022/1/23,23:00:00,-0.891699219,NaN,
2022/1/24,0:00:00,-1.138098145,NaN,
2022/1/24,1:00:00,-1.223577881,NaN,
2022/1/24,2:00:00,-1.243017578,NaN,
2022/1/24,3:00:00,-1.285742187,NaN,
2022/1/24,4:00:00,-1.24576416,NaN,
2022/1/24,5:00:00,-0.954962158,NaN,
2022/1/24,6:00:00,-0.814550781,NaN,
2022/1/24,7:00:00,-0.735754395,NaN,
2022/1/24,8:00:00,-0.401647949,NaN,
2022/1/24,9:00:00,0.568994141,NaN,
2022/1/24,10:00:00,1.098443604,NaN,
2022/1/24,11:00:00,1.666192627,NaN,
2022/1/24,12:00:00,2.491448975,NaN,
2022/1/24,13:00:00,3.015344238,NaN,
2022/1/24,14:00:00,3.42434082,NaN,
2022/1/24,15:00:00,3.354425049,NaN,
2022/1/24,16:00:00,3.065820313,NaN,
2022/1/24,17:00:00,2.007501221,NaN,
2022/1/24,18:00:00,1.262719727,NaN,
2022/1/24,19:00:00,0.712182617,NaN,
2022/1/24,20:00:00,0.355340576,NaN,
2022/1/24,21:00:00,-0.103094482,NaN,
2022/1/24,22:00:00,-0.249029541,NaN,
2022/1/24,23:00:00,-0.449377441,NaN,
2022/1/25,0:00:00,-0.732977295,NaN,
2022/1/25,1:00:00,-0.72409668,NaN,
2022/1/25,2:00:00,-0.720770264,NaN,
2022/1/25,3:00:00,-0.62366333,NaN,
2022/1/25,4:00:00,-0.480474854,NaN,
2022/1/25,5:00:00,-0.662512207,NaN,
2022/1/25,6:00:00,-0.592565918,NaN,
2022/1/25,7:00:00,-0.528753662,NaN,
2022/1/25,8:00:00,-0.160803223,NaN,
2022/1/25,9:00:00,0.766564941,NaN,
2022/1/25,10:00:00,1.395349121,NaN,
2022/1/25,11:00:00,2.07076416,NaN,
2022/1/25,12:00:00,3.11965332,NaN,
2022/1/25,13:00:00,3.844476318,NaN,
2022/1/25,14:00:00,4.462701416,NaN,
2022/1/25,15:00:00,4.742974854,NaN,
2022/1/25,16:00:00,4.595910645,NaN,
2022/1/25,17:00:00,3.644677734,NaN,
2022/1/25,18:00:00,3.502038574,NaN,
2022/1/25,19:00:00,3.051965332,NaN,
2022/1/25,20:00:00,2.361566162,NaN,
2022/1/25,21:00:00,1.467492676,NaN,
2022/1/25,22:00:00,1.185021973,NaN,
2022/1/25,23:00:00,0.99465332,NaN,
2022/1/26,0:00:00,0.634484863,NaN,
2022/1/26,1:00:00,0.535150146,NaN,
2022/1/26,2:00:00,0.373101807,NaN,
2022/1/26,3:00:00,0.148309326,NaN,
2022/1/26,4:00:00,0.027886963,NaN,
2022/1/26,5:00:00,-0.522650146,NaN,
2022/1/26,6:00:00,-0.543737793,NaN,
2022/1/26,7:00:00,-0.503759766,NaN,
2022/1/26,8:00:00,-0.278997803,NaN,
2022/1/26,9:00:00,1.299890137,NaN,
2022/1/26,10:00:00,1.912591553,NaN,
2022/1/26,11:00:00,2.55526123,NaN,
2022/1/26,12:00:00,3.423242188,NaN,
2022/1/26,13:00:00,4.007623291,NaN,
2022/1/26,14:00:00,4.413873291,NaN,
2022/1/26,15:00:00,4.317315674,NaN,
2022/1/26,16:00:00,3.994317627,NaN,
2022/1/26,17:00:00,3.802850342,NaN,
2022/1/26,18:00:00,3.507043457,NaN,
2022/1/26,19:00:00,2.993676758,NaN,
2022/1/26,20:00:00,2.526940918,NaN,
2022/1/26,21:00:00,1.872644043,NaN,
2022/1/26,22:00:00,1.494683838,NaN,
2022/1/26,23:00:00,0.999658203,NaN,
2022/1/27,0:00:00,0.562341309,NaN,
2022/1/27,1:00:00,0.321466064,NaN,
2022/1/27,2:00:00,0.087823486,NaN,
2022/1/27,3:00:00,-0.170782471,NaN,
2022/1/27,4:00:00,-0.412756348,NaN,
2022/1/27,5:00:00,-0.595892334,NaN,
2022/1/27,6:00:00,-0.594244385,NaN,
2022/1/27,7:00:00,-0.5015625,NaN,
2022/1/27,8:00:00,-0.190771484,NaN,
2022/1/27,9:00:00,0.693322754,NaN,
2022/1/27,10:00:00,0.986352539,NaN,
2022/1/27,11:00:00,1.372613525,NaN,
2022/1/27,12:00:00,2.088525391,NaN,
2022/1/27,13:00:00,2.683465576,NaN,
2022/1/27,14:00:00,3.199029541,NaN,
2022/1/27,15:00:00,3.247857666,NaN,
2022/1/27,16:00:00,3.14296875,NaN,
2022/1/27,17:00:00,2.51973877,NaN,
2022/1/27,18:00:00,1.824914551,NaN,
2022/1/27,19:00:00,1.027398682,NaN,
2022/1/27,20:00:00,0.466333008,NaN,
2022/1/27,21:00:00,-0.033148193,NaN,
2022/1/27,22:00:00,-0.350042725,NaN,
2022/1/27,23:00:00,-0.523748779,NaN,
2022/1/28,0:00:00,-0.834539795,NaN,
2022/1/28,1:00:00,-0.949407959,NaN,
2022/1/28,2:00:00,-1.033209229,NaN,
2022/1/28,3:00:00,-1.453344727,NaN,
2022/1/28,4:00:00,-1.500524902,NaN,
2022/1/28,5:00:00,-1.685888672,NaN,
2022/1/28,6:00:00,-1.653692627,NaN,
2022/1/28,7:00:00,-1.604284668,NaN,
2022/1/28,8:00:00,-1.35010376,NaN,
2022/1/28,9:00:00,-0.068670654,NaN,
2022/1/28,10:00:00,0.294824219,NaN,
2022/1/28,11:00:00,0.639489746,NaN,
2022/1/28,12:00:00,1.225518799,NaN,
2022/1/28,13:00:00,1.817132568,NaN,
2022/1/28,14:00:00,2.330499268,NaN,
2022/1/28,15:00:00,2.480889893,NaN,
2022/1/28,16:00:00,2.528070068,NaN,
2022/1/28,17:00:00,2.157342529,NaN,
2022/1/28,18:00:00,1.701715088,NaN,
2022/1/28,19:00:00,1.180566406,NaN,
2022/1/28,20:00:00,0.824273682,NaN,
2022/1/28,21:00:00,0.304833984,NaN,
2022/1/28,22:00:00,0.0034729,NaN,
2022/1/28,23:00:00,-0.251806641,NaN,
2022/1/29,0:00:00,-0.52210083,NaN,
2022/1/29,1:00:00,-0.533178711,NaN,
2022/1/29,2:00:00,-0.719671631,NaN,
2022/1/29,3:00:00,-1.184179687,NaN,
2022/1/29,4:00:00,-1.331243896,NaN,
2022/1/29,5:00:00,-1.681982422,NaN,
2022/1/29,6:00:00,-1.826269531,NaN,
2022/1/29,7:00:00,-1.699743652,NaN,
2022/1/29,8:00:00,-1.446112061,NaN,
2022/1/29,9:00:00,0.053430176,NaN,
2022/1/29,10:00:00,0.438012695,NaN,
2022/1/29,11:00:00,0.854241943,NaN,
2022/1/29,12:00:00,1.618463135,NaN,
2022/1/29,13:00:00,2.126824951,NaN,
2022/1/29,14:00:00,2.579675293,NaN,
2022/1/29,15:00:00,2.68013916,NaN,
2022/1/29,16:00:00,2.808892822,NaN,
2022/1/29,17:00:00,2.260552979,NaN,
2022/1/29,18:00:00,2.044671631,NaN,
2022/1/29,19:00:00,1.770532227,NaN,
2022/1/29,20:00:00,1.184472656,NaN,
2022/1/29,21:00:00,0.220483398,NaN,
2022/1/29,22:00:00,-0.053686523,NaN,
2022/1/29,23:00:00,-0.175238037,NaN,
2022/1/30,0:00:00,-0.650854492,NaN,
2022/1/30,1:00:00,-0.92166748,NaN,
2022/1/30,2:00:00,-1.082067871,NaN,
2022/1/30,3:00:00,-1.494421387,NaN,
2022/1/30,4:00:00,-1.711950684,NaN,
2022/1/30,5:00:00,-1.913427734,NaN,
2022/1/30,6:00:00,-2.016088867,NaN,
2022/1/30,7:00:00,-1.628149414,NaN,
2022/1/30,8:00:00,-1.396185303,NaN,
2022/1/30,9:00:00,0.351434326,NaN,
2022/1/30,10:00:00,0.744378662,NaN,
2022/1/30,11:00:00,1.065698242,NaN,
2022/1/30,12:00:00,1.784387207,NaN,
2022/1/30,13:00:00,2.197290039,NaN,
2022/1/30,14:00:00,2.546929932,NaN,
2022/1/30,15:00:00,2.543054199,NaN,
2022/1/30,16:00:00,2.223931885,NaN,
2022/1/30,17:00:00,1.491357422,NaN,
2022/1/30,18:00:00,1.703363037,NaN,
2022/1/30,19:00:00,1.877069092,NaN,
2022/1/30,20:00:00,2.092950439,NaN,
2022/1/30,21:00:00,2.040246582,NaN,
2022/1/30,22:00:00,2.135705566,NaN,
2022/1/30,23:00:00,2.377648926,NaN,
2022/1/31,0:00:00,2.602441406,NaN,
2022/1/31,1:00:00,2.882684326,NaN,
2022/1/31,2:00:00,2.766137695,NaN,
2022/1/31,3:00:00,2.745050049,NaN,
2022/1/31,4:00:00,2.558587646,NaN,
2022/1/31,5:00:00,2.506982422,NaN,
2022/1/31,6:00:00,2.788903809,NaN,
2022/1/31,7:00:00,2.751153564,NaN,
2022/1/31,8:00:00,2.641290283,NaN,
2022/1/31,9:00:00,3.334436035,NaN,
2022/1/31,10:00:00,3.28838501,NaN,
2022/1/31,11:00:00,3.474298096,NaN,
2022/1/31,12:00:00,4.005395508,NaN,
2022/1/31,13:00:00,4.188012695,NaN,
2022/1/31,14:00:00,4.342279053,NaN,
2022/1/31,15:00:00,4.295098877,NaN,
2022/1/31,16:00:00,4.171899414,NaN,
2022/1/31,17:00:00,3.083581543,NaN,
2022/1/31,18:00:00,2.651818848,NaN,
2022/1/31,19:00:00,2.252801514,NaN,
2022/1/31,20:00:00,2.127923584,NaN,
2022/1/31,21:00:00,1.501367188,NaN,
2022/1/31,22:00:00,0.935845947,NaN,
2022/1/31,23:00:00,0.429711914,NaN,
2022/2/1,0:00:00,-0.205206299,7.322944226,
2022/2/1,1:00:00,-0.524298096,7.852911693,
2022/2/1,2:00:00,-0.837866211,8.122999836,
2022/2/1,3:00:00,-1.366217041,8.237442931,
2022/2/1,4:00:00,-1.744696045,8.234820019,
2022/2/1,5:00:00,-1.983343506,7.957849616,
2022/2/1,6:00:00,-2.053259277,7.963687959,
2022/2/1,7:00:00,-2.084356689,7.623125205,
2022/2/1,8:00:00,-1.760229492,6.953330927,
2022/2/1,9:00:00,-0.537634277,6.835410838,
2022/2/1,10:00:00,0.02565918,6.417764446,
2022/2/1,11:00:00,0.635583496,6.160176712,
2022/2/1,12:00:00,1.561853027,5.867455367,
2022/2/1,13:00:00,2.070214844,5.620566781,
2022/2/1,14:00:00,2.457025146,5.511524439,
2022/2/1,15:00:00,2.443719482,5.62766561,
2022/2/1,16:00:00,2.319940186,5.70724567,
2022/2/1,17:00:00,0.679986572,5.758433167,
2022/2/1,18:00:00,0.181634521,6.248271092,
2022/2/1,19:00:00,-0.293981934,6.382489675,
2022/2/1,20:00:00,-0.753515625,5.617218467,
2022/2/1,21:00:00,-1.217474365,4.671852239,
2022/2/1,22:00:00,-1.007696533,4.263305,
2022/2/1,23:00:00,-1.193609619,4.536222942,
2022/2/2,0:00:00,-1.389501953,4.555847489,
2022/2/2,1:00:00,-1.432806396,4.737531875,
2022/2/2,2:00:00,-1.559332275,5.155088493,
2022/2/2,3:00:00,-1.80020752,5.295292998,
2022/2/2,4:00:00,-1.933935547,4.923004326,
2022/2/2,5:00:00,-2.391790771,4.028187013,
2022/2/2,6:00:00,-2.30246582,3.821278587,
2022/2/2,7:00:00,-2.108770752,3.442418904,
2022/2/2,8:00:00,-1.849584961,3.300643716,
2022/2/2,9:00:00,-0.294561768,2.807110517,
2022/2/2,10:00:00,0.122796631,2.4205284,
2022/2/2,11:00:00,0.686639404,2.500352693,
2022/2/2,12:00:00,1.483056641,2.058600612,
2022/2/2,13:00:00,1.900384521,1.219965713,
2022/2/2,14:00:00,2.224481201,0.147015342,
2022/2/2,15:00:00,2.177331543,1.089756738,
2022/2/2,16:00:00,1.984735107,2.104487769,
2022/2/2,17:00:00,1.010766602,2.92585328,
2022/2/2,18:00:00,1.469720459,3.32017897,
2022/2/2,19:00:00,1.665063477,3.389067098,
2022/2/2,20:00:00,1.773309326,3.122385104,
2022/2/2,21:00:00,1.005212402,2.658217224,
2022/2/2,22:00:00,0.688317871,2.468577302,
2022/2/2,23:00:00,1.003533936,2.529752141,
2022/2/3,0:00:00,0.779901123,2.387762442,
2022/2/3,1:00:00,0.61449585,2.306251484,
2022/2/3,2:00:00,0.537347412,2.193324507,
2022/2/3,3:00:00,0.133325195,2.251753153,
2022/2/3,4:00:00,0.060632324,2.266479725,
2022/2/3,5:00:00,0.352563477,2.289373543,
2022/2/3,6:00:00,0.57454834,1.982001952,
2022/2/3,7:00:00,0.579553223,2.135707288,
2022/2/3,8:00:00,0.775994873,2.059124918,
2022/2/3,9:00:00,2.606317139,1.818909752,
2022/2/3,10:00:00,2.790551758,1.606553232,
2022/2/3,11:00:00,2.95760498,1.588198471,
2022/2/3,12:00:00,3.370507813,1.715831632,
2022/2/3,13:00:00,3.540338135,2.099560186,
2022/2/3,14:00:00,3.684625244,2.632083101,
2022/2/3,15:00:00,3.451531982,2.80223523,
2022/2/3,16:00:00,3.204034424,2.800670462,
2022/2/3,17:00:00,2.591882324,2.984298904,
2022/2/3,18:00:00,2.817193604,3.140708173,
2022/2/3,19:00:00,2.995904541,3.452375843,
2022/2/3,20:00:00,2.886590576,3.613680253,
2022/2/3,21:00:00,2.388208008,3.952420436,
2022/2/3,22:00:00,2.125695801,3.663318187,
2022/2/3,23:00:00,1.864312744,3.016097742,
2022/2/4,0:00:00,1.309899902,2.916456442,
2022/2/4,1:00:00,0.93972168,3.671026477,
2022/2/4,2:00:00,0.550134277,4.769849245,
2022/2/4,3:00:00,-0.025396729,5.590904061,
2022/2/4,4:00:00,-0.069219971,5.993026555,
2022/2/4,5:00:00,-0.261236572,5.175992677,
2022/2/4,6:00:00,-0.341162109,5.209564248,
2022/2/4,7:00:00,-0.518774414,5.353588421,
2022/2/4,8:00:00,-0.575933838,5.682668112,
2022/2/4,9:00:00,0.577874756,5.969199647,
2022/2/4,10:00:00,0.862023926,5.719799338,
2022/2/4,11:00:00,1.257165527,5.560909088,
2022/2/4,12:00:00,2.030236816,6.094243312,
2022/2/4,13:00:00,2.168450928,7.790383999,
2022/2/4,14:00:00,2.050775146,9.143571305,
2022/2/4,15:00:00,1.222192383,9.525037065,
2022/2/4,16:00:00,0.577874756,9.39573143,
2022/2/4,17:00:00,-1.043768311,8.877747948,
2022/2/4,18:00:00,-1.736364746,9.218224358,
2022/2/4,19:00:00,-2.311346436,9.443418676,
2022/2/4,20:00:00,-2.616003418,9.461163379,
2022/2/4,21:00:00,-3.05612793,9.181911715,
2022/2/4,22:00:00,-3.152685547,8.550084505,
2022/2/4,23:00:00,-3.321936035,7.557468235,
2022/2/5,0:00:00,-3.63550415,7.043072234,
2022/2/5,1:00:00,-3.538946533,6.755359315,
2022/2/5,2:00:00,-3.528967285,6.775531022,
2022/2/5,3:00:00,-3.510076904,7.189268279,
2022/2/5,4:00:00,-3.3375,7.473849307,
2022/2/5,5:00:00,-3.141027832,7.746551013,
2022/2/5,6:00:00,-3.002294922,7.951105358,
2022/2/5,7:00:00,-2.914587402,8.552161341,
2022/2/5,8:00:00,-2.621557617,8.821006786,
2022/2/5,9:00:00,-1.198034668,8.847616924,
2022/2/5,10:00:00,-0.588140869,8.887725682,
2022/2/5,11:00:00,0.034539795,8.536503646,
2022/2/5,12:00:00,0.853692627,8.243377474,
2022/2/5,13:00:00,1.25826416,8.250864067,
2022/2/5,14:00:00,1.480828857,8.457087286,
2022/2/5,15:00:00,1.24163208,8.44826328,
2022/2/5,16:00:00,1.005761719,8.249080708,
2022/2/5,17:00:00,-0.060888672,7.255195375,
2022/2/5,18:00:00,-0.358374023,6.704479977,
2022/2/5,19:00:00,-0.428289795,5.935771009,
2022/2/5,20:00:00,-0.414984131,5.716800434,
2022/2/5,21:00:00,-0.824560547,5.579756895,
2022/2/5,22:00:00,-0.92722168,5.501849619,
2022/2/5,23:00:00,-0.954412842,5.818482081,
2022/2/6,0:00:00,-1.051550293,6.153523268,
2022/2/6,1:00:00,-1.072058105,6.057062405,
2022/2/6,2:00:00,-1.036566162,5.856095257,
2022/2/6,3:00:00,-1.194708252,5.516366808,
2022/2/6,4:00:00,-1.239660645,5.310679263,
2022/2/6,5:00:00,-1.091497803,5.274717845,
2022/2/6,6:00:00,-1.106481934,5.348837369,
2022/2/6,7:00:00,-0.958288574,5.605432325,
2022/2/6,8:00:00,-0.730749512,5.398979799,
2022/2/6,9:00:00,0.824853516,5.67863768,
2022/2/6,10:00:00,1.541864014,4.619295693,
2022/2/6,11:00:00,2.333276367,4.223023461,
2022/2/6,12:00:00,3.357751465,4.324482963,
2022/2/6,13:00:00,4.013726807,4.301425658,
2022/2/6,14:00:00,4.466607666,4.261241703,
2022/2/6,15:00:00,4.417749023,4.493800013,
2022/2/6,16:00:00,3.987084961,4.751871592,
2022/2/6,17:00:00,2.84105835,4.532932025,
2022/2/6,18:00:00,2.490319824,4.681540922,
2022/2/6,19:00:00,1.800500488,4.468235053,
2022/2/6,20:00:00,1.157281494,4.488682726,
2022/2/6,21:00:00,1.442529297,3.142816277,
2022/2/6,22:00:00,1.244958496,2.323387853,
2022/2/6,23:00:00,1.064019775,2.847601233,
2022/2/7,0:00:00,0.420831299,2.88616737,
2022/2/7,1:00:00,0.325921631,3.311029732,
2022/2/7,2:00:00,-0.104742432,4.122058687,
2022/2/7,3:00:00,0.063409424,3.592543286,
2022/2/7,4:00:00,0.32479248,3.019992651,
2022/2/7,5:00:00,0.53069458,2.14265002,
2022/2/7,6:00:00,0.732720947,1.731080648,
2022/2/7,7:00:00,0.999658203,2.39956745,
2022/2/7,8:00:00,1.204431152,2.524077628,
2022/2/7,9:00:00,2.164544678,2.3770167,
2022/2/7,10:00:00,2.489221191,2.338618505,
2022/2/7,11:00:00,2.622399902,1.915020533,
2022/2/7,12:00:00,2.912103271,2.634444797,
2022/2/7,13:00:00,3.144647217,2.065069903,
2022/2/7,14:00:00,3.350549316,1.242503436,
2022/2/7,15:00:00,3.352197266,1.144115428,
2022/2/7,16:00:00,3.390496826,1.021252724,
2022/2/7,17:00:00,2.420404053,1.520523208,
2022/2/7,18:00:00,1.950891113,1.868112663,
2022/2/7,19:00:00,1.672845459,1.906312725,
2022/2/7,20:00:00,1.782739258,1.588768305,
2022/2/7,21:00:00,1.33928833,0.55711017,
2022/2/7,22:00:00,1.289361572,0.362265695,
2022/2/7,23:00:00,1.74276123,1.353533514,
2022/2/8,0:00:00,1.731103516,2.337506599,
2022/2/8,1:00:00,1.521875,3.429392034,
2022/2/8,2:00:00,1.453637695,3.655670454,
2022/2/8,3:00:00,0.995202637,3.211880272,
2022/2/8,4:00:00,0.818170166,2.750064855,
2022/2/8,5:00:00,0.739373779,2.920482644,
2022/2/8,6:00:00,0.525720215,2.908847287,
2022/2/8,7:00:00,0.832055664,2.966570542,
2022/2/8,8:00:00,1.025750732,2.661151266,
2022/2/8,9:00:00,2.976495361,2.127183895,
2022/2/8,10:00:00,3.666864014,1.421657875,
2022/2/8,11:00:00,4.279016113,1.521570539,
2022/2/8,12:00:00,5.067071533,2.007640094,
2022/2/8,13:00:00,5.441125488,2.275942761,
2022/2/8,14:00:00,5.585992432,2.536177815,
2022/2/8,15:00:00,5.197503662,2.461699263,
2022/2/8,16:00:00,4.655847168,2.277002145,
2022/2/8,17:00:00,3.463189697,2.878023057,
2022/2/8,18:00:00,3.286706543,2.914649434,
2022/2/8,19:00:00,3.467645264,3.361589775,
2022/2/8,20:00:00,3.718499756,3.971267751,
2022/2/8,21:00:00,3.479302979,3.917627547,
2022/2/8,22:00:00,3.28560791,3.652613949,
2022/2/8,23:00:00,3.112451172,3.704786189,
2022/2/9,0:00:00,2.741174316,2.842922977,
2022/2/9,1:00:00,2.442041016,2.17158943,
2022/2/9,2:00:00,2.260552979,2.083710204,
2022/2/9,3:00:00,2.225610352,2.281729184,
2022/2/9,4:00:00,2.376000977,1.972319365,
2022/2/9,5:00:00,1.854333496,1.664073049,
2022/2/9,6:00:00,2.050775146,1.668854627,
2022/2/9,7:00:00,2.780023193,2.292334903,
2022/2/9,8:00:00,3.271173096,2.609483441,
2022/2/9,9:00:00,5.067071533,2.913478646,
2022/2/9,10:00:00,5.327355957,3.469660247,
2022/2/9,11:00:00,5.463891602,4.045518615,
2022/2/9,12:00:00,5.780236816,4.536274538,
2022/2/9,13:00:00,5.79909668,4.898012837,
2022/2/9,14:00:00,5.627038574,5.013393337,
2022/2/9,15:00:00,5.124810791,5.085032466,
2022/2/9,16:00:00,4.952752686,5.277102759,
2022/2/9,17:00:00,4.111962891,4.76804026,
2022/2/9,18:00:00,4.095880127,4.630655782,
2022/2/9,19:00:00,4.07644043,4.730132905,
2022/2/9,20:00:00,4.079217529,4.8217977,
2022/2/9,21:00:00,3.757348633,4.769520316,
2022/2/9,22:00:00,3.726800537,4.944516083,
2022/2/9,23:00:00,3.823937988,4.912486168,
2022/2/10,0:00:00,3.38717041,4.774552554,
2022/2/10,1:00:00,3.121331787,4.521714091,
2022/2/10,2:00:00,2.753381348,4.270472277,
2022/2/10,3:00:00,2.297753906,4.188099997,
2022/2/10,4:00:00,2.064111328,4.26272825,
2022/2/10,5:00:00,2.120141602,3.853636883,
2022/2/10,6:00:00,1.823236084,3.864879389,
2022/2/10,7:00:00,1.857110596,3.612087819,
2022/2/10,8:00:00,2.385430908,3.181699423,
2022/2/10,9:00:00,3.519799805,2.652446343,
2022/2/10,10:00:00,5.522729492,1.988745981,
2022/2/10,11:00:00,6.028314209,1.71448003,
2022/2/10,12:00:00,6.60769043,2.139139032,
2022/2/10,13:00:00,6.609368896,3.335316824,
2022/2/10,14:00:00,6.533319092,4.200621983,
2022/2/10,15:00:00,6.147607422,4.304629359,
2022/2/10,16:00:00,5.760797119,4.597861197,
2022/2/10,17:00:00,4.90557251,3.596718438,
2022/2/10,18:00:00,4.978295898,3.439212569,
2022/2/10,19:00:00,4.92723999,3.253967878,
2022/2/10,20:00:00,5.032128906,3.532565095,
2022/2/10,21:00:00,4.767938232,3.585387094,
2022/2/10,22:00:00,4.699700928,3.362473334,
2022/2/10,23:00:00,4.660272217,3.276806289,
2022/2/11,0:00:00,4.191339111,3.413084349,
2022/2/11,1:00:00,4.07479248,3.387942908,
2022/2/11,2:00:00,3.852807617,3.137520876,
2022/2/11,3:00:00,3.283380127,2.811134095,
2022/2/11,4:00:00,3.064172363,2.387193218,
2022/2/11,5:00:00,2.798883057,0.924736008,
2022/2/11,6:00:00,2.664025879,0.447809725,
2022/2/11,7:00:00,3.151849365,0.796961701,
2022/2/11,8:00:00,3.633569336,0.660766634,
2022/2/11,9:00:00,5.537133789,0.140906819,
2022/2/11,10:00:00,5.998895264,0.372462955,
2022/2/11,11:00:00,6.334649658,1.288255333,
2022/2/11,12:00:00,6.747003174,1.952122877,
2022/2/11,13:00:00,6.763635254,2.656338949,
2022/2/11,14:00:00,6.561090088,3.129415713,
2022/2/11,15:00:00,6.098779297,3.043476043,
2022/2/11,16:00:00,5.780236816,2.86691904,
2022/2/11,17:00:00,4.931115723,2.13041028,
2022/2/11,18:00:00,4.805688477,1.758489399,
2022/2/11,19:00:00,4.80123291,1.868388841,
2022/2/11,20:00:00,4.985498047,2.074285694,
2022/2/11,21:00:00,4.866174316,1.361095071,
2022/2/11,22:00:00,4.678582764,0.346082363,
2022/2/11,23:00:00,5.059320068,1.818798403,
2022/2/12,0:00:00,4.1574646,2.253590678,
2022/2/12,1:00:00,3.988763428,2.310212188,
2022/2/12,2:00:00,3.857232666,2.050072485,
2022/2/12,3:00:00,3.435449219,2.082414977,
2022/2/12,4:00:00,3.418786621,2.346971645,
2022/2/12,5:00:00,3.305596924,2.227633397,
2022/2/12,6:00:00,2.627404785,2.370835519,
2022/2/12,7:00:00,1.963647461,2.691885113,
2022/2/12,8:00:00,2.099053955,2.765473485,
2022/2/12,9:00:00,3.558648682,2.734055386,
2022/2/12,10:00:00,4.226831055,2.633918269,
2022/2/12,11:00:00,4.832879639,2.870025323,
2022/2/12,12:00:00,5.603753662,3.276134503,
2022/2/12,13:00:00,5.790216064,3.688372514,
2022/2/12,14:00:00,5.760797119,3.882823802,
2022/2/12,15:00:00,5.2690979,3.698980895,
2022/2/12,16:00:00,5.118127441,3.152068353,
2022/2/12,17:00:00,4.607019043,3.126140385,
2022/2/12,18:00:00,4.605340576,2.758063122,
2022/2/12,19:00:00,4.645288086,2.175042007,
2022/2/12,20:00:00,4.721337891,1.669076544,
2022/2/12,21:00:00,4.368920898,1.011372711,
2022/2/12,22:00:00,4.424981689,0.909505253,
2022/2/12,23:00:00,4.762384033,1.525680537,
2022/2/13,0:00:00,4.407220459,1.985118367,
2022/2/13,1:00:00,4.045922852,2.588477368,
2022/2/13,2:00:00,3.169610596,3.278326086,
2022/2/13,3:00:00,2.984246826,4.084955377,
2022/2/13,4:00:00,2.975366211,4.65985431,
2022/2/13,5:00:00,3.32668457,3.826888569,
2022/2/13,6:00:00,3.335565186,3.615240947,
2022/2/13,7:00:00,3.219018555,3.848521057,
2022/2/13,8:00:00,3.273400879,4.617436746,
2022/2/13,9:00:00,4.186334229,4.07557105,
2022/2/13,10:00:00,4.272912598,3.93556708,
2022/2/13,11:00:00,4.258477783,4.460437404,
2022/2/13,12:00:00,4.585900879,4.343901852,
2022/2/13,13:00:00,4.663598633,4.441472656,
2022/2/13,14:00:00,4.649194336,3.511673016,
2022/2/13,15:00:00,4.494897461,3.340469849,
2022/2/13,16:00:00,4.365045166,3.504355447,
2022/2/13,17:00:00,4.098657227,3.857907,
2022/2/13,18:00:00,4.280114746,4.703134483,
2022/2/13,19:00:00,4.509332275,5.091767265,
2022/2/13,20:00:00,4.522637939,4.463539071,
2022/2/13,21:00:00,4.498223877,4.153350074,
2022/2/13,22:00:00,4.516534424,4.429888202,
2022/2/13,23:00:00,4.627526855,4.313328545,
2022/2/14,0:00:00,4.519311523,4.377785876,
2022/2/14,1:00:00,4.38112793,4.51593783,
2022/2/14,2:00:00,4.245721436,4.792805492,
2022/2/14,3:00:00,4.294549561,5.24298128,
2022/2/14,4:00:00,4.231286621,5.728591337,
2022/2/14,5:00:00,3.005334473,6.451720342,
2022/2/14,6:00:00,2.207849121,6.995232371,
2022/2/14,7:00:00,1.901483154,7.412489431,
2022/2/14,8:00:00,1.659509277,8.078608291,
2022/2/14,9:00:00,1.865411377,8.1544897,
2022/2/14,10:00:00,1.954766846,8.01942074,
2022/2/14,11:00:00,2.097955322,8.200967711,
2022/2/14,12:00:00,2.169000244,8.717539494,
2022/2/14,13:00:00,2.061334229,8.734366387,
2022/2/14,14:00:00,1.895959473,8.844630646,
2022/2/14,15:00:00,1.188897705,8.850603614,
2022/2/14,16:00:00,0.771569824,8.629843183,
2022/2/14,17:00:00,-0.172460937,8.721458894,
2022/2/14,18:00:00,-0.708563232,8.724364737,
2022/2/14,19:00:00,-1.299597168,8.680861213,
2022/2/14,20:00:00,-1.679205322,8.215396708,
2022/2/14,21:00:00,-2.159277344,8.028242909,
2022/2/14,22:00:00,-2.498358154,7.946032455,
2022/2/14,23:00:00,-2.60324707,7.655052899,
2022/2/15,0:00:00,-2.761419678,7.151231056,
2022/2/15,1:00:00,-2.940679932,6.793536616,
2022/2/15,2:00:00,-2.953436279,6.61825625,
2022/2/15,3:00:00,-3.15100708,6.000245604,
2022/2/15,4:00:00,-3.108831787,5.409971735,
2022/2/15,5:00:00,-3.471228027,5.823279049,
2022/2/15,6:00:00,-3.587774658,5.184530574,
2022/2/15,7:00:00,-3.463476562,4.247523865,
2022/2/15,8:00:00,-3.249243164,3.283528114,
2022/2/15,9:00:00,-2.538305664,2.37877678,
2022/2/15,10:00:00,-2.228094482,1.836684636,
2022/2/15,11:00:00,-1.8168396,1.84803311,
2022/2/15,12:00:00,-1.037115479,2.127482776,
2022/2/15,13:00:00,-0.438848877,1.674001903,
2022/2/15,14:00:00,0.162194824,1.026405846,
2022/2/15,15:00:00,0.596185303,1.461613356,
2022/2/15,16:00:00,0.966363525,2.002289843,
2022/2/15,17:00:00,-0.113623047,2.277199924,
2022/2/15,18:00:00,-0.45770874,2.24090427,
2022/2/15,19:00:00,-0.466040039,2.239679098,
2022/2/15,20:00:00,-0.811773682,2.896205841,
2022/2/15,21:00:00,-1.151434326,3.796374425,
2022/2/15,22:00:00,-1.448339844,4.527443544,
2022/2/15,23:00:00,-1.688635254,5.428119549,
2022/2/16,0:00:00,-1.99664917,6.115860251,
2022/2/16,1:00:00,-2.157049561,6.302422868,
2022/2/16,2:00:00,-2.337957764,6.243120555,
2022/2/16,3:00:00,-2.66651001,6.246591161,
2022/2/16,4:00:00,-2.953436279,6.346212832,
2022/2/16,5:00:00,-3.341925049,6.891098922,
2022/2/16,6:00:00,-3.586126709,6.559539367,
2022/2/16,7:00:00,-3.599981689,6.143806585,
2022/2/16,8:00:00,-3.41739502,5.985993878,
2022/2/16,9:00:00,-2.490026855,5.606012269,
2022/2/16,10:00:00,-1.899542236,4.932042016,
2022/2/16,11:00:00,-1.213598633,4.448270166,
2022/2/16,12:00:00,-0.110845947,4.836704391,
2022/2/16,13:00:00,0.571221924,6.052924864,
2022/2/16,14:00:00,1.05513916,7.614265978,
2022/2/16,15:00:00,0.642816162,8.582131755,
2022/2/16,16:00:00,-0.03092041,8.889864965,
2022/2/16,17:00:00,-1.521612549,8.383950947,
2022/2/16,18:00:00,-2.279150391,8.176323748,
2022/2/16,19:00:00,-2.821356201,8.692763589,
2022/2/16,20:00:00,-3.213720703,8.832694117,
2022/2/16,21:00:00,-3.612768555,8.332627791,
2022/2/16,22:00:00,-3.69989624,8.092318336,
2022/2/16,23:00:00,-3.755377197,8.154850141,
2022/2/17,0:00:00,-3.965155029,8.074670907,
2022/2/17,1:00:00,-3.895239258,7.703855495,
2022/2/17,2:00:00,-3.769812012,7.5719775,
2022/2/17,3:00:00,-3.566137695,8.148744181,
2022/2/17,4:00:00,-3.526190186,8.317918379,
2022/2/17,5:00:00,-3.521734619,7.398529335,
2022/2/17,6:00:00,-3.47901001,7.369900362,
2022/2/17,7:00:00,-3.429602051,7.293548752,
2022/2/17,8:00:00,-3.252020264,7.411912762,
2022/2/17,9:00:00,-2.46729126,6.989322006,
2022/2/17,10:00:00,-2.272497559,5.91942741,
2022/2/17,11:00:00,-1.970587158,5.052096779,
2022/2/17,12:00:00,-1.445013428,4.346690699,
2022/2/17,13:00:00,-1.181951904,4.299818773,
2022/2/17,14:00:00,-0.918890381,4.331735269,
2022/2/17,15:00:00,-0.953863525,4.167891579,
2022/2/17,16:00:00,-0.908911133,3.776088154,
2022/2/17,17:00:00,-1.314581299,3.308599464,
2022/2/17,18:00:00,-1.218023682,3.350010199,
2022/2/17,19:00:00,-1.157537842,3.218726083,
2022/2/17,20:00:00,-1.100927734,2.855880904,
2022/2/17,21:00:00,-0.624212646,2.214026954,
2022/2/17,22:00:00,-0.625860596,2.21246471,
2022/2/17,23:00:00,-0.573706055,2.361245688,
2022/2/18,0:00:00,-0.57980957,2.094776563,
2022/2/18,1:00:00,-0.449377441,1.646213937,
2022/2/18,2:00:00,-0.590917969,1.821581378,
2022/2/18,3:00:00,-1.336248779,1.49687413,
2022/2/18,4:00:00,-1.235235596,1.042163834,
2022/2/18,5:00:00,-0.861181641,0.138072738,
2022/2/18,6:00:00,-1.02322998,1.028755313,
2022/2/18,7:00:00,-0.286779785,1.504607709,
2022/2/18,8:00:00,0.096704102,1.958468137,
2022/2/18,9:00:00,1.15670166,2.136789217,
2022/2/18,10:00:00,1.305444336,2.100257249,
2022/2/18,11:00:00,1.42421875,2.196796064,
2022/2/18,12:00:00,1.706140137,2.757681622,
2022/2/18,13:00:00,1.630670166,2.291585961,
2022/2/18,14:00:00,1.756646729,0.760148272,
2022/2/18,15:00:00,1.591821289,1.220105654,
2022/2/18,16:00:00,1.591821289,1.339256128,
2022/2/18,17:00:00,1.695031738,0.704233203,
2022/2/18,18:00:00,1.825463867,0.790064921,
2022/2/18,19:00:00,1.966973877,0.796208185,
2022/2/18,20:00:00,1.450311279,1.873420279,
2022/2/18,21:00:00,1.367059326,3.859134181,
2022/2/18,22:00:00,1.241082764,5.109294444,
2022/2/18,23:00:00,0.941949463,6.076659083,
2022/2/19,0:00:00,0.566766357,6.684098451,
2022/2/19,1:00:00,0.367547607,6.678388184,
2022/2/19,2:00:00,0.199945068,7.236202377,
2022/2/19,3:00:00,0.02401123,8.042385963,
2022/2/19,4:00:00,-0.060339355,8.433613966,
2022/2/19,5:00:00,-0.046484375,9.23285097,
2022/2/19,6:00:00,-0.179663086,9.487560577,
2022/2/19,7:00:00,-0.272894287,9.851940365,
2022/2/19,8:00:00,-0.296759033,9.55054889,
2022/2/19,9:00:00,0.151086426,8.989358173,
2022/2/19,10:00:00,0.259881592,9.130747944,
2022/2/19,11:00:00,0.299279785,10.0438417,
2022/2/19,12:00:00,0.376977539,10.40305435,
2022/2/19,13:00:00,0.26708374,10.49728693,
2022/2/19,14:00:00,0.131677246,10.36189091,
2022/2/19,15:00:00,-0.296759033,10.26240163,
2022/2/19,16:00:00,-0.709112549,10.25544373,
2022/2/19,17:00:00,-1.758581543,9.663731982,
2022/2/19,18:00:00,-2.219213867,10.42648395,
2022/2/19,19:00:00,-2.279150391,10.09586134,
2022/2/19,20:00:00,-2.159277344,9.160385577,
2022/2/19,21:00:00,-2.4262146,7.646081199,
2022/2/19,22:00:00,-2.430639648,6.677023233,
2022/2/19,23:00:00,-2.358496094,6.823297351,
2022/2/20,0:00:00,-2.380712891,6.950431372,
2022/2/20,1:00:00,-2.344091797,6.961445356,
2022/2/20,2:00:00,-2.3190979,7.149553097,
2022/2/20,3:00:00,-2.311895752,7.515948533,
2022/2/20,4:00:00,-2.264715576,7.880479624,
2022/2/20,5:00:00,-2.385137939,7.981248349,
2022/2/20,6:00:00,-2.358496094,7.368822878,
2022/2/20,7:00:00,-2.306341553,6.926776141,
2022/2/20,8:00:00,-1.909521484,5.888036295,
2022/2/20,9:00:00,-0.347814941,4.97818192,
2022/2/20,10:00:00,0.282617188,4.867744683,
2022/2/20,11:00:00,0.950250244,5.282287556,
2022/2/20,12:00:00,2.016381836,5.242433282,
2022/2/20,13:00:00,2.575799561,5.003626026,
2022/2/20,14:00:00,3.003686523,4.791208951,
2022/2/20,15:00:00,3.283380127,4.301007624,
2022/2/20,16:00:00,3.412683105,3.686353922,
2022/2/20,17:00:00,3.02199707,2.315373189,
2022/2/20,18:00:00,2.572473145,3.424277422,
2022/2/20,19:00:00,2.721185303,4.131617567,
2022/2/20,20:00:00,2.691766357,4.814681256,
2022/2/20,21:00:00,2.351037598,5.176354751,
2022/2/20,22:00:00,1.834893799,5.291289841,
2022/2/20,23:00:00,1.298242188,5.361791758,
2022/2/21,0:00:00,0.813195801,5.355225611,
2022/2/21,1:00:00,0.707727051,5.46416046,
2022/2/21,2:00:00,0.511834717,5.337056516,
2022/2/21,3:00:00,0.477410889,4.663110321,
2022/2/21,4:00:00,0.455224609,4.081596955,
2022/2/21,5:00:00,0.580102539,4.188856377,
2022/2/21,6:00:00,0.6184021,4.066972523,
2022/2/21,7:00:00,0.5168396,5.158747115,
2022/2/21,8:00:00,0.659997559,5.050610539,
2022/2/21,9:00:00,2.130151367,4.168136967,
2022/2/21,10:00:00,2.837731934,3.685698636,
2022/2/21,11:00:00,3.402703857,3.181029866,
2022/2/21,12:00:00,4.220727539,2.457972146,
2022/2/21,13:00:00,4.585351563,1.817933958,
2022/2/21,14:00:00,4.856744385,1.132624025,
2022/2/21,15:00:00,4.700250244,0.812881423,
2022/2/21,16:00:00,4.513208008,1.503782722,
2022/2/21,17:00:00,3.539788818,2.203108783,
2022/2/21,18:00:00,2.786126709,4.678355185,
2022/2/21,19:00:00,1.710015869,6.014787004,
2022/2/21,20:00:00,0.963586426,6.483923775,
2022/2/21,21:00:00,0.248773193,6.638035644,
2022/2/21,22:00:00,-0.124731445,6.183064501,
2022/2/21,23:00:00,-0.39887085,5.760332749,
2022/2/22,0:00:00,-0.675817871,5.032780328,
2022/2/22,1:00:00,-0.155249023,3.681802945,
2022/2/22,2:00:00,-0.336737061,2.497172723,
2022/2/22,3:00:00,-0.976599121,2.045662905,
2022/2/22,4:00:00,-1.083166504,2.079062691,
2022/2/22,5:00:00,-0.412207031,2.725936453,
2022/2/22,6:00:00,-0.654180908,3.351080403,
2022/2/22,7:00:00,-0.592016602,5.220369872,
2022/2/22,8:00:00,-0.245703125,6.657710794,
2022/2/22,9:00:00,1.037957764,6.809289272,
2022/2/22,10:00:00,1.710015869,6.407090839,
2022/2/22,11:00:00,2.303857422,5.904970773,
2022/2/22,12:00:00,2.835534668,6.098184096,
2022/2/22,13:00:00,3.102471924,6.990298928,
2022/2/22,14:00:00,3.114129639,7.624926921,
2022/2/22,15:00:00,2.558587646,8.079956354,
2022/2/22,16:00:00,1.961999512,8.561773274,
2022/2/22,17:00:00,0.398065186,8.187569697,
2022/2/22,18:00:00,-0.525976562,8.526270284,
2022/2/22,19:00:00,-1.281866455,8.873986197,
2022/2/22,20:00:00,-1.680883789,8.851532261,
2022/2/22,21:00:00,-2.230871582,8.142483306,
2022/2/22,22:00:00,-2.46060791,8.067481348,
2022/2/22,23:00:00,-2.611029053,7.169081067,
2022/2/23,0:00:00,-2.961767578,6.87571878,
2022/2/23,1:00:00,-3.013372803,6.702318458,
2022/2/23,2:00:00,-3.033911133,6.050166901,
2022/2/23,3:00:00,-3.315283203,5.522781078,
2022/2/23,4:00:00,-3.327490234,4.73113724,
2022/2/23,5:00:00,-2.609350586,3.440977833,
2022/2/23,6:00:00,-2.494482422,2.904234133,
2022/2/23,7:00:00,-2.346838379,2.617163615,
2022/2/23,8:00:00,-2.007757568,2.08016092,
2022/2/23,9:00:00,-0.769598389,1.952106887,
2022/2/23,10:00:00,-0.429968262,1.545436768,
2022/2/23,11:00:00,-0.0925354,1.086822952,
2022/2/23,12:00:00,0.5168396,1.229042251,
2022/2/23,13:00:00,0.811517334,1.9175652,
2022/2/23,14:00:00,1.079003906,2.73915271,
2022/2/23,15:00:00,1.237176514,3.609094512,
2022/2/23,16:00:00,1.328210449,4.15296626,
2022/2/23,17:00:00,0.53182373,4.487679748,
2022/2/23,18:00:00,0.690545654,4.953040947,
2022/2/23,19:00:00,0.950250244,5.131392406,
2022/2/23,20:00:00,1.080133057,5.208797172,
2022/2/23,21:00:00,0.851464844,5.374723514,
2022/2/23,22:00:00,1.014642334,5.529477272,
2022/2/23,23:00:00,1.102868652,5.529896351,
2022/2/24,0:00:00,1.166711426,5.637255672,
2022/2/24,1:00:00,1.256616211,5.872054138,
2022/2/24,2:00:00,1.26104126,6.034130054,
2022/2/24,3:00:00,1.080133057,5.801712646,
2022/2/24,4:00:00,1.090661621,5.723980467,
2022/2/24,5:00:00,1.331536865,5.284586773,
2022/2/24,6:00:00,1.209985352,5.683524127,
2022/2/24,7:00:00,1.487481689,6.070675082,
2022/2/24,8:00:00,1.944787598,6.202652792,
2022/2/24,9:00:00,3.806726074,6.124266927,
2022/2/24,10:00:00,4.552056885,6.199962332,
2022/2/24,11:00:00,5.137017822,6.14282921,
2022/2/24,12:00:00,6.115441895,6.147779688,
2022/2/24,13:00:00,6.301904297,6.283114483,
2022/2/24,14:00:00,6.44286499,6.489780361,
2022/2/24,15:00:00,6.352960205,6.599654399,
2022/2/24,16:00:00,6.222528076,6.53493433,
2022/2/24,17:00:00,5.306817627,6.511106007,
2022/2/24,18:00:00,5.247460938,6.420176185,
2022/2/24,19:00:00,5.236352539,6.474150829,
2022/2/24,20:00:00,5.287408447,6.643212176,
2022/2/24,21:00:00,5.083734131,6.989427005,
2022/2/24,22:00:00,5.110925293,7.484659411,
2022/2/24,23:00:00,5.046533203,7.51238997,
2022/2/25,0:00:00,4.710229492,7.377567361,
2022/2/25,1:00:00,4.510980225,7.319133448,
2022/2/25,2:00:00,4.356164551,7.060922539,
2022/2/25,3:00:00,3.961572266,6.682209877,
2022/2/25,4:00:00,3.809503174,6.310044664,
2022/2/25,5:00:00,3.889428711,5.316764608,
2022/2/25,6:00:00,3.785089111,5.172569835,
2022/2/25,7:00:00,4.09697876,5.428271944,
2022/2/25,8:00:00,4.582574463,6.136832962,
2022/2/25,9:00:00,6.505029297,6.548044384,
2022/2/25,10:00:00,6.879083252,7.010311134,
2022/2/25,11:00:00,7.154351807,7.315953427,
2022/2/25,12:00:00,7.634973145,7.896883611,
2022/2/25,13:00:00,7.654931641,8.326071289,
2022/2/25,14:00:00,7.694909668,8.411904825,
2022/2/25,15:00:00,7.64107666,8.465357173,
2022/2/25,16:00:00,7.687677002,8.541632051,
2022/2/25,17:00:00,6.733666992,7.917398647,
2022/2/25,18:00:00,6.758660889,8.131069819,
2022/2/25,19:00:00,6.774194336,8.032077861,
2022/2/25,20:00:00,6.899072266,8.031387047,
2022/2/25,21:00:00,6.7847229,8.059223505,
2022/2/25,22:00:00,6.774194336,8.171199357,
2022/2/25,23:00:00,6.699822998,8.331588744,
2022/2/26,0:00:00,6.478936768,8.448898386,
2022/2/26,1:00:00,6.351861572,8.36694768,
2022/2/26,2:00:00,6.234765625,8.336326429,
2022/2/26,3:00:00,5.801873779,8.220148609,
2022/2/26,4:00:00,5.812982178,8.254336819,
2022/2/26,5:00:00,6.042718506,8.193037161,
2022/2/26,6:00:00,6.063256836,8.232813059,
2022/2/26,7:00:00,6.030511475,8.159390803,
2022/2/26,8:00:00,6.584375,7.993767689,
2022/2/26,9:00:00,8.261529541,7.331713838,
2022/2/26,10:00:00,8.823724365,6.230177231,
2022/2/26,11:00:00,9.106744385,7.481761628,
2022/2/26,12:00:00,8.873651123,9.966148734,
2022/2/26,13:00:00,8.145532227,10.21173835,
2022/2/26,14:00:00,7.713769531,9.558631723,
2022/2/26,15:00:00,7.072198486,8.93420818,
2022/2/26,16:00:00,6.79140625,8.021809304,
2022/2/26,17:00:00,6.058282471,7.119890343,
2022/2/26,18:00:00,5.458886719,5.832990148,
2022/2/26,19:00:00,4.660852051,4.404120911,
2022/2/26,20:00:00,4.351708984,3.079699964,
2022/2/26,21:00:00,3.707391357,2.344663303,
2022/2/26,22:00:00,3.388818359,2.472631069,
2022/2/26,23:00:00,3.418237305,2.704257126,
2022/2/27,0:00:00,3.629693604,3.097688545,
2022/2/27,1:00:00,3.805078125,3.352102561,
2022/2/27,2:00:00,3.885522461,3.543401822,
2022/2/27,3:00:00,3.825036621,3.927276165,
2022/2/27,4:00:00,3.892205811,4.558640571,
2022/2/27,5:00:00,4.314538574,4.783824628,
2022/2/27,6:00:00,4.314538574,5.321393528,
2022/2/27,7:00:00,4.649743652,5.712041554,
2022/2/27,8:00:00,5.137017822,6.340968495,
2022/2/27,9:00:00,6.829125977,7.054598645,
2022/2/27,10:00:00,7.061120605,7.457798026,
2022/2/27,11:00:00,7.241479492,7.865568211,
2022/2/27,12:00:00,7.851953125,7.652488026,
2022/2/27,13:00:00,7.878045654,7.649729343,
2022/2/27,14:00:00,7.759820557,7.527230597,
2022/2/27,15:00:00,7.339715576,7.052579517,
2022/2/27,16:00:00,7.244256592,6.953516008,
2022/2/27,17:00:00,6.421228027,6.713922247,
2022/2/27,18:00:00,6.373498535,6.724981975,
2022/2/27,19:00:00,6.427331543,6.653515672,
2022/2/27,20:00:00,6.436761475,6.564848621,
2022/2/27,21:00:00,6.164819336,6.593251928,
2022/2/27,22:00:00,6.044396973,7.011141194,
2022/2/27,23:00:00,5.995568848,7.249526852,
2022/2/28,0:00:00,5.754144287,7.199572356,
2022/2/28,1:00:00,5.587640381,7.123774853,
2022/2/28,2:00:00,5.497186279,6.319046253,
2022/2/28,3:00:00,5.427819824,5.546865596,
2022/2/28,4:00:00,5.424493408,5.792136932,
2022/2/28,5:00:00,5.47387085,5.484142708,
2022/2/28,6:00:00,5.646478271,6.134639223,
2022/2/28,7:00:00,5.920648193,5.867493023,
2022/2/28,8:00:00,6.183679199,5.626893621,
2022/2/28,9:00:00,7.222070313,5.725851118,
2022/2/28,10:00:00,7.281427002,5.471795713,
2022/2/28,11:00:00,7.259790039,5.71976825,
2022/2/28,12:00:00,7.546166992,5.908346166,
2022/2/28,13:00:00,7.548944092,5.573930507,
2022/2/28,14:00:00,7.222070313,4.998968244,
2022/2/28,15:00:00,6.946221924,4.450774725,
2022/2/28,16:00:00,6.847436523,4.63367737,
2022/2/28,17:00:00,6.278039551,4.881030642,
2022/2/28,18:00:00,6.340753174,4.654135866,
2022/2/28,19:00:00,6.422875977,4.106037444,
2022/2/28,20:00:00,6.465631104,3.610273091,
2022/2/28,21:00:00,6.550531006,3.155905704,
2022/2/28,22:00:00,6.753106689,2.801354775,
2022/2/28,23:00:00,7.03170166,2.832198526,
2022/3/1,0:00:00,6.931237793,3.427868881,
2022/3/1,1:00:00,7.419641113,4.417229142,
2022/3/1,2:00:00,7.727075195,6.011442564,
2022/3/1,3:00:00,6.302453613,8.898037494,
2022/3/1,4:00:00,4.979943848,9.154585019,
2022/3/1,5:00:00,4.129174805,9.695541146,
2022/3/1,6:00:00,3.54644165,9.372887314,
2022/3/1,7:00:00,3.455438232,9.45428888,
2022/3/1,8:00:00,3.669091797,8.939824037,
2022/3/1,9:00:00,4.742425537,8.647566506,
2022/3/1,10:00:00,5.518823242,7.986610928,
2022/3/1,11:00:00,6.250848389,7.270084292,
2022/3/1,12:00:00,7.095513916,6.430338464,
2022/3/1,13:00:00,7.396875,5.694128727,
2022/3/1,14:00:00,7.443505859,5.910981234,
2022/3/1,15:00:00,7.149346924,6.167303388,
2022/3/1,16:00:00,6.728692627,5.997450047,
2022/3/1,17:00:00,5.282403564,4.929404575,
2022/3/1,18:00:00,4.88503418,3.831562792,
2022/3/1,19:00:00,4.826226807,2.754290649,
2022/3/1,20:00:00,4.3605896,1.611823088,
2022/3/1,21:00:00,3.87444458,1.176460914,
2022/3/1,22:00:00,3.530908203,1.325753507,
2022/3/1,23:00:00,3.693505859,1.500958138,
